date,year,month,month_name,year_month,day_of_week,week_of_year,sales,predicted_sales,error,abs_error,price,stock,price_stock,rolling_actual_30,rolling_predicted_30
2014-02-01,2014,2,Feb,2014-02,5,5,369,267,102,102,0.99,2145,2123.55,,
2014-02-02,2014,2,Feb,2014-02,6,5,217,163,54,54,0.99,1928,1908.72,,
2014-02-03,2014,2,Feb,2014-02,0,6,97,51,46,46,0.99,1831,1812.69,,
2014-02-04,2014,2,Feb,2014-02,1,6,117,65,52,52,0.99,1714,1696.86,,
2014-02-05,2014,2,Feb,2014-02,2,6,100,50,50,50,1.29,1998,2577.42,,
2014-02-06,2014,2,Feb,2014-02,3,6,64,0,64,64,1.29,2126,2742.54,,
2014-02-07,2014,2,Feb,2014-02,4,6,35,0,35,35,1.29,2091,2697.39,,
2014-02-08,2014,2,Feb,2014-02,5,6,54,1,53,53,1.29,2037,2627.73,,
2014-02-09,2014,2,Feb,2014-02,6,6,55,0,55,55,1.29,1982,2556.78,,
2014-02-12,2014,2,Feb,2014-02,2,7,8,0,8,8,1.29,7228,9324.12,,
2014-02-13,2014,2,Feb,2014-02,3,7,43,0,43,43,1.09,7185,7831.650000000001,,
2014-02-14,2014,2,Feb,2014-02,4,7,107,0,107,107,1.09,7078,7715.02,,
2014-02-15,2014,2,Feb,2014-02,5,7,116,26,90,90,1.09,6962,7588.580000000001,,
2014-02-16,2014,2,Feb,2014-02,6,7,87,2,85,85,1.09,6875,7493.750000000001,,
2014-02-17,2014,2,Feb,2014-02,0,8,66,0,66,66,1.09,6809,7421.81,,
2014-02-18,2014,2,Feb,2014-02,1,8,44,0,44,44,1.09,6765,7373.85,,
2014-02-19,2014,2,Feb,2014-02,2,8,33,0,33,33,1.09,6731,7336.790000000001,,
2014-02-20,2014,2,Feb,2014-02,3,8,13,0,13,13,1.09,6718,7322.620000000001,,
2014-02-21,2014,2,Feb,2014-02,4,8,53,0,53,53,1.09,6665,7264.85,,
2014-02-22,2014,2,Feb,2014-02,5,8,72,0,72,72,1.09,6593,7186.370000000001,,
2014-02-23,2014,2,Feb,2014-02,6,8,50,0,50,50,1.09,6543,7131.870000000001,,
2014-02-24,2014,2,Feb,2014-02,0,9,15,0,15,15,1.09,6528,7115.52,,
2014-02-25,2014,2,Feb,2014-02,1,9,12,0,12,12,1.09,6516,7102.4400000000005,,
2014-02-26,2014,2,Feb,2014-02,2,9,71,0,71,71,1.09,6445,7025.05,,
2014-02-27,2014,2,Feb,2014-02,3,9,37,0,37,37,1.09,6412,6989.080000000001,,
2014-02-28,2014,2,Feb,2014-02,4,9,83,0,83,83,1.09,6329,6898.610000000001,,
2014-03-01,2014,3,Mar,2014-03,5,9,94,22,72,72,1.09,6237,6798.330000000001,,
2014-03-02,2014,3,Mar,2014-03,6,9,59,0,59,59,1.09,6178,6734.02,,
2014-03-03,2014,3,Mar,2014-03,0,10,49,0,49,49,1.09,6129,6680.610000000001,,
2014-03-05,2014,3,Mar,2014-03,2,10,65,0,65,65,1.09,6012,6553.080000000001,76.2,21.6
2014-03-06,2014,3,Mar,2014-03,3,10,55,1,54,54,1.09,5957,6493.13,65.7,12.7
2014-03-07,2014,3,Mar,2014-03,4,10,77,0,77,77,1.09,5880,6409.200000000001,61.0,7.3
2014-03-08,2014,3,Mar,2014-03,5,10,122,23,99,99,1.09,5755,6272.950000000001,61.9,6.3
2014-03-09,2014,3,Mar,2014-03,6,10,83,3,80,80,1.09,5672,6182.4800000000005,60.7,4.3
2014-03-10,2014,3,Mar,2014-03,0,11,75,0,75,75,1.09,5597,6100.7300000000005,59.9,2.6
2014-03-11,2014,3,Mar,2014-03,1,11,48,0,48,48,1.09,5549,6048.410000000001,59.4,2.6
2014-03-12,2014,3,Mar,2014-03,2,11,45,0,45,45,1.29,5504,7100.16,59.7,2.6
2014-03-13,2014,3,Mar,2014-03,3,11,78,0,78,78,1.29,4659,6010.110000000001,60.5,2.6
2014-03-14,2014,3,Mar,2014-03,4,11,122,15,107,107,1.29,4537,5852.7300000000005,62.7,3.1
2014-03-16,2014,3,Mar,2014-03,6,11,116,12,104,104,1.29,4274,5513.46,66.3,3.5
2014-03-17,2014,3,Mar,2014-03,0,12,48,0,48,48,1.29,4228,5454.12,66.5,3.5
2014-03-18,2014,3,Mar,2014-03,1,12,29,0,29,29,1.29,4199,5416.71,63.9,3.5
2014-03-19,2014,3,Mar,2014-03,2,12,91,0,91,91,1.29,4107,5298.03,63.1,2.6
2014-03-20,2014,3,Mar,2014-03,3,12,59,10,49,49,1.29,4048,5221.92,62.1,2.9
2014-03-21,2014,3,Mar,2014-03,4,12,68,0,68,68,1.29,3980,5134.2,62.2,2.9
2014-03-22,2014,3,Mar,2014-03,5,12,137,36,101,101,1.28,3843,4919.04,65.3,4.1
2014-03-23,2014,3,Mar,2014-03,6,12,56,0,56,56,1.29,3787,4885.2300000000005,66.1,4.1
2014-03-24,2014,3,Mar,2014-03,0,13,13,0,13,13,1.29,3774,4868.46,66.1,4.1
2014-03-25,2014,3,Mar,2014-03,1,13,45,0,45,45,1.29,3729,4810.41,65.8,4.1
2014-03-26,2014,3,Mar,2014-03,2,13,25,0,25,25,1.29,3704,4778.16,64.2,4.1
2014-03-27,2014,3,Mar,2014-03,3,13,25,0,25,25,1.29,3679,4745.91,63.4,4.1
2014-03-28,2014,3,Mar,2014-03,4,13,174,9,165,165,1.19,3505,4170.95,68.7,4.4
2014-03-29,2014,3,Mar,2014-03,5,13,138,77,61,61,1.09,3367,3670.03,72.9,6.9
2014-03-30,2014,3,Mar,2014-03,6,13,64,29,35,35,1.09,3303,3600.2700000000004,72.7,7.9
2014-03-31,2014,3,Mar,2014-03,0,14,77,4,73,73,1.09,3226,3516.34,74.0,8.0
2014-04-01,2014,4,Apr,2014-04,1,14,62,13,49,49,1.09,3164,3448.76,73.3,8.5
2014-04-02,2014,4,Apr,2014-04,2,14,119,30,89,89,1.09,3045,3319.05,74.1,8.7
2014-04-03,2014,4,Apr,2014-04,3,14,89,30,59,59,1.09,2956,3222.0400000000004,75.1,9.7
2014-04-04,2014,4,Apr,2014-04,4,14,133,34,99,99,1.09,2823,3077.07,77.9,10.9
2014-04-05,2014,4,Apr,2014-04,5,14,180,66,114,114,1.09,2643,2880.8700000000003,81.8,13.1
2014-04-06,2014,4,Apr,2014-04,6,14,121,42,79,79,1.09,2522,2748.98,84.0,14.4
2014-04-07,2014,4,Apr,2014-04,0,15,72,8,64,64,1.09,2450,2670.5,83.8,14.7
2014-04-08,2014,4,Apr,2014-04,1,15,91,19,72,72,1.09,2359,2571.3100000000004,82.8,14.6
2014-04-09,2014,4,Apr,2014-04,2,15,53,14,39,39,1.09,2306,2513.54,81.8,14.9
2014-04-10,2014,4,Apr,2014-04,3,15,47,0,47,47,1.09,2259,2462.3100000000004,80.8,14.9
2014-04-11,2014,4,Apr,2014-04,4,15,42,0,42,42,1.09,2217,2416.53,80.6,14.9
2014-04-12,2014,4,Apr,2014-04,5,15,124,10,114,114,1.09,2092,2280.28,83.3,15.3
2014-04-13,2014,4,Apr,2014-04,6,15,97,7,90,90,1.09,1995,2174.55,83.9,15.5
2014-04-14,2014,4,Apr,2014-04,0,16,119,0,119,119,1.09,1875,2043.7500000000002,83.8,15.0
2014-04-15,2014,4,Apr,2014-04,1,16,34,0,34,34,1.29,1841,2374.89,81.1,14.6
2014-04-16,2014,4,Apr,2014-04,2,16,18,0,18,18,1.29,1823,2351.67,80.1,14.6
2014-04-17,2014,4,Apr,2014-04,3,16,24,0,24,24,1.29,1799,2320.71,79.9,14.6
2014-04-18,2014,4,Apr,2014-04,4,16,57,0,57,57,1.29,1742,2247.18,78.8,14.6
2014-04-19,2014,4,Apr,2014-04,5,16,61,0,61,61,1.29,1681,2168.4900000000002,78.8,14.3
2014-04-20,2014,4,Apr,2014-04,6,16,30,0,30,30,1.29,1651,2129.79,77.6,14.3
2014-04-21,2014,4,Apr,2014-04,0,17,96,0,96,96,1.29,1554,2004.66,76.2,13.1
2014-04-22,2014,4,Apr,2014-04,1,17,0,0,0,0,1.29,1525,1967.25,74.3,13.1
2014-04-23,2014,4,Apr,2014-04,2,17,37,0,37,37,1.29,1488,1919.52,75.1,13.1
2014-04-24,2014,4,Apr,2014-04,3,17,30,0,30,30,1.29,1458,1880.8200000000002,74.6,13.1
2014-04-25,2014,4,Apr,2014-04,4,17,38,0,38,38,1.29,1420,1831.8,75.1,13.1
2014-04-26,2014,4,Apr,2014-04,5,17,88,0,88,88,1.29,1332,1718.28,77.2,13.1
2014-04-27,2014,4,Apr,2014-04,6,17,64,0,64,64,1.29,1268,1635.72,73.5,12.8
2014-04-28,2014,4,Apr,2014-04,0,18,13,0,13,13,1.29,1255,1618.95,69.3,10.2
2014-04-29,2014,4,Apr,2014-04,1,18,20,0,20,20,1.29,1255,1618.95,67.9,9.2
2014-04-30,2014,4,Apr,2014-04,2,18,31,0,31,31,1.29,1457,1879.53,66.3,9.1
2014-05-01,2014,5,May,2014-05,3,18,129,0,129,129,1.29,1263,1629.27,68.6,8.7
2014-05-02,2014,5,May,2014-05,4,18,94,18,76,76,1.29,1169,1508.01,67.7,8.3
2014-05-03,2014,5,May,2014-05,5,18,129,41,88,88,1.29,1904,2456.16,69.1,8.6
2014-05-04,2014,5,May,2014-05,6,18,126,27,99,99,1.29,1778,2293.62,68.8,8.4
2014-05-05,2014,5,May,2014-05,0,19,70,5,65,65,1.29,1708,2203.32,65.2,6.4
2014-05-06,2014,5,May,2014-05,1,19,48,0,48,48,1.29,1708,2203.32,62.7,5.0
2014-05-07,2014,5,May,2014-05,2,19,123,0,123,123,1.29,2044,2636.76,64.4,4.7
2014-05-08,2014,5,May,2014-05,3,19,87,12,75,75,1.29,1930,2489.7000000000003,64.3,4.5
2014-05-09,2014,5,May,2014-05,4,19,65,19,46,46,1.29,1961,2529.69,64.7,4.6
2014-05-10,2014,5,May,2014-05,5,19,102,28,74,74,1.29,1859,2398.11,66.5,5.6
2014-05-11,2014,5,May,2014-05,6,19,78,3,75,75,1.29,1781,2297.4900000000002,67.7,5.7
2014-05-12,2014,5,May,2014-05,0,20,49,0,49,49,1.29,1828,2358.12,65.2,5.3
2014-05-13,2014,5,May,2014-05,1,20,0,0,0,0,1.29,1800,2322.0,62.0,5.1
2014-05-14,2014,5,May,2014-05,2,20,68,0,68,68,1.09,1687,1838.8300000000002,60.3,5.1
2014-05-15,2014,5,May,2014-05,3,20,102,0,102,102,1.09,1969,2146.21,62.6,5.1
2014-05-16,2014,5,May,2014-05,4,20,88,10,78,78,1.09,1977,2154.9300000000003,64.9,5.4
2014-05-17,2014,5,May,2014-05,5,20,170,45,125,125,1.09,1807,1969.63,69.8,6.9
2014-05-18,2014,5,May,2014-05,6,20,152,49,103,103,1.09,1655,1803.95,72.9,8.6
2014-05-19,2014,5,May,2014-05,0,21,90,2,88,88,1.09,1661,1810.4900000000002,73.9,8.6
2014-05-20,2014,5,May,2014-05,1,21,101,5,96,96,1.09,1751,1908.5900000000001,76.3,8.8
2014-05-21,2014,5,May,2014-05,2,21,71,14,57,57,1.43,1680,2402.4,75.4,9.3
2014-05-22,2014,5,May,2014-05,3,21,48,9,39,39,1.49,2016,3003.84,77.0,9.6
2014-05-23,2014,5,May,2014-05,4,21,40,0,40,40,1.49,1976,2944.24,77.1,9.6
2014-05-24,2014,5,May,2014-05,5,21,93,5,88,88,1.49,1883,2805.67,79.2,9.7
2014-05-25,2014,5,May,2014-05,6,21,45,0,45,45,1.49,1838,2738.62,79.5,9.7
2014-05-26,2014,5,May,2014-05,0,22,58,0,58,58,1.49,1876,2795.24,78.5,9.7
2014-05-27,2014,5,May,2014-05,1,22,53,0,53,53,1.49,1919,2859.31,78.1,9.7
2014-05-28,2014,5,May,2014-05,2,22,42,0,42,42,1.49,3317,4942.33,79.1,9.7
2014-05-29,2014,5,May,2014-05,3,22,52,0,52,52,1.49,3841,5723.09,80.1,9.7
2014-05-30,2014,5,May,2014-05,4,22,29,0,29,29,1.99,3811,7583.89,80.1,9.7
2014-05-31,2014,5,May,2014-05,5,22,91,0,91,91,1.99,3720,7402.8,78.8,9.7
2014-06-01,2014,6,Jun,2014-06,6,22,75,0,75,75,1.99,3645,7253.55,78.2,9.1
2014-06-02,2014,6,Jun,2014-06,0,23,75,0,75,75,1.99,3570,7104.3,76.4,7.8
2014-06-03,2014,6,Jun,2014-06,1,23,179,26,153,153,1.19,3391,4035.29,78.1,7.7
2014-06-04,2014,6,Jun,2014-06,2,23,252,80,172,172,1.19,3140,3736.6,84.2,10.2
2014-06-05,2014,6,Jun,2014-06,3,23,202,83,119,119,1.19,2938,3496.22,89.3,13.0
2014-06-06,2014,6,Jun,2014-06,4,23,161,102,59,59,1.19,2777,3304.6299999999997,90.6,16.4
2014-06-07,2014,6,Jun,2014-06,5,23,331,237,94,94,1.19,2446,2910.74,98.7,23.9
2014-06-08,2014,6,Jun,2014-06,6,23,271,164,107,107,1.19,2175,2588.25,105.6,28.7
2014-06-09,2014,6,Jun,2014-06,0,24,146,114,32,32,1.19,1949,2319.31,107.1,31.6
2014-06-10,2014,6,Jun,2014-06,1,24,2,0,2,2,1.19,1946,2315.74,104.5,31.5
2014-06-11,2014,6,Jun,2014-06,2,24,2,0,2,2,1.19,2136,2541.8399999999997,103.0,31.5
2014-06-13,2014,6,Jun,2014-06,4,24,0,0,0,0,1.49,2328,3468.72,103.0,31.5
2014-06-14,2014,6,Jun,2014-06,5,24,0,0,0,0,1.49,2328,3468.72,100.7,31.5
2014-06-15,2014,6,Jun,2014-06,6,24,13,0,13,13,1.49,2315,3449.35,97.7,31.5
2014-06-16,2014,6,Jun,2014-06,0,25,30,0,30,30,1.49,2285,3404.65,95.8,31.2
2014-06-17,2014,6,Jun,2014-06,1,25,34,0,34,34,1.49,2251,3353.99,91.3,29.7
2014-06-18,2014,6,Jun,2014-06,2,25,8,0,8,8,1.49,2243,3342.07,86.5,28.0
2014-06-19,2014,6,Jun,2014-06,3,25,67,0,67,67,1.29,2176,2807.04,85.7,28.0
2014-06-20,2014,6,Jun,2014-06,4,25,41,0,41,41,1.29,2135,2754.15,83.7,27.8
2014-06-21,2014,6,Jun,2014-06,5,25,89,0,89,89,1.29,2046,2639.34,84.3,27.3
2014-06-22,2014,6,Jun,2014-06,6,25,49,0,49,49,1.29,1997,2576.13,84.3,27.0
2014-06-23,2014,6,Jun,2014-06,0,26,62,0,62,62,1.29,2031,2619.9900000000002,85.1,27.0
2014-06-24,2014,6,Jun,2014-06,1,26,81,0,81,81,1.29,2046,2639.34,84.7,26.9
2014-06-25,2014,6,Jun,2014-06,2,26,42,0,42,42,1.29,2004,2585.16,84.6,26.9
2014-06-26,2014,6,Jun,2014-06,3,26,63,0,63,63,1.29,2037,2627.73,84.7,26.9
2014-06-27,2014,6,Jun,2014-06,4,26,107,7,100,100,1.18,1930,2277.4,86.5,27.1
2014-06-28,2014,6,Jun,2014-06,5,26,83,13,70,70,1.19,1847,2197.93,87.9,27.5
2014-06-29,2014,6,Jun,2014-06,6,26,102,2,100,100,1.19,1745,2076.5499999999997,89.6,27.6
2014-06-30,2014,6,Jun,2014-06,0,27,62,0,62,62,1.29,1779,2294.91,90.7,27.6
2014-07-01,2014,7,Jul,2014-07,1,27,29,0,29,29,1.29,1750,2257.5,88.6,27.6
2014-07-02,2014,7,Jul,2014-07,2,27,63,0,63,63,1.29,1687,2176.23,88.2,27.6
2014-07-03,2014,7,Jul,2014-07,3,27,97,12,85,85,1.29,1590,2051.1,88.9,28.0
2014-07-04,2014,7,Jul,2014-07,4,27,136,21,115,115,1.29,1454,1875.66,87.5,27.8
2014-07-05,2014,7,Jul,2014-07,5,27,335,187,148,148,1.29,1119,1443.51,90.3,31.4
2014-07-06,2014,7,Jul,2014-07,6,27,299,128,171,171,1.29,820,1057.8,93.5,32.9
2014-07-07,2014,7,Jul,2014-07,0,28,5,0,5,5,1.29,814,1050.06,88.3,29.5
2014-07-08,2014,7,Jul,2014-07,1,28,2,0,2,2,1.29,812,1047.48,77.3,21.6
2014-07-09,2014,7,Jul,2014-07,2,28,9,0,9,9,1.29,803,1035.8700000000001,68.6,16.1
2014-07-10,2014,7,Jul,2014-07,3,28,9,0,9,9,1.29,794,1024.26,64.0,12.3
2014-07-11,2014,7,Jul,2014-07,4,28,0,0,0,0,1.29,794,1024.26,64.0,12.3
2014-07-12,2014,7,Jul,2014-07,5,28,0,0,0,0,1.29,794,1024.26,63.9,12.3
2014-07-13,2014,7,Jul,2014-07,6,28,0,0,0,0,1.29,794,1024.26,63.9,12.3
2014-07-14,2014,7,Jul,2014-07,0,29,0,0,0,0,1.29,794,1024.26,63.9,12.3
2014-07-19,2014,7,Jul,2014-07,5,29,0,0,0,0,1.49,794,1183.06,63.5,12.3
2014-07-20,2014,7,Jul,2014-07,6,29,0,0,0,0,1.49,794,1183.06,62.5,12.3
2014-07-21,2014,7,Jul,2014-07,0,30,0,0,0,0,1.49,794,1183.06,61.3,12.3
2014-07-22,2014,7,Jul,2014-07,1,30,2,0,2,2,1.49,792,1180.08,61.1,12.3
2014-07-23,2014,7,Jul,2014-07,2,30,0,0,0,0,1.49,792,1180.08,58.9,12.3
2014-07-24,2014,7,Jul,2014-07,3,30,0,0,0,0,1.49,888,1323.12,57.5,12.3
2014-07-25,2014,7,Jul,2014-07,4,30,15,0,15,15,1.49,873,1300.77,55.1,12.3
2014-07-26,2014,7,Jul,2014-07,5,30,9,0,9,9,1.49,864,1287.36,53.7,12.3
2014-07-27,2014,7,Jul,2014-07,6,30,13,0,13,13,1.49,851,1267.99,52.1,12.3
2014-07-28,2014,7,Jul,2014-07,0,31,15,0,15,15,1.22,1220,1488.3999999999999,49.9,12.3
2014-07-29,2014,7,Jul,2014-07,1,31,26,0,26,26,2.98,1207,3596.86,49.4,12.3
2014-07-30,2014,7,Jul,2014-07,2,31,16,0,16,16,1.55,1191,1846.05,47.8,12.3
2014-07-31,2014,7,Jul,2014-07,3,31,51,0,51,51,1.55,1140,1767.0,45.9,12.1
2014-08-01,2014,8,Aug,2014-08,4,31,47,0,47,47,1.55,1093,1694.15,44.7,11.7
2014-08-02,2014,8,Aug,2014-08,5,31,56,0,56,56,1.55,1037,1607.3500000000001,43.2,11.6
2014-08-03,2014,8,Aug,2014-08,6,31,45,0,45,45,1.55,992,1537.6000000000001,42.6,11.6
2014-08-04,2014,8,Aug,2014-08,0,32,40,0,40,40,1.55,952,1475.6000000000001,43.0,11.6
2014-08-05,2014,8,Aug,2014-08,1,32,17,0,17,17,1.55,935,1449.25,41.5,11.6
2014-08-06,2014,8,Aug,2014-08,2,32,103,0,103,103,1.29,832,1073.28,41.7,11.2
2014-08-07,2014,8,Aug,2014-08,3,32,72,0,72,72,1.29,760,980.4,39.5,10.5
2014-08-08,2014,8,Aug,2014-08,4,32,56,0,56,56,1.29,704,908.1600000000001,30.2,4.3
2014-08-09,2014,8,Aug,2014-08,5,32,0,0,0,0,1.29,704,908.1600000000001,20.3,0.0
2014-08-10,2014,8,Aug,2014-08,6,32,1,0,1,1,1.29,703,906.87,20.1,0.0
2014-08-11,2014,8,Aug,2014-08,0,33,0,0,0,0,1.29,703,906.87,20.1,0.0
2014-08-12,2014,8,Aug,2014-08,1,33,0,0,0,0,1.29,703,906.87,19.8,0.0
2014-08-13,2014,8,Aug,2014-08,2,33,0,0,0,0,1.29,703,906.87,19.5,0.0
2014-08-14,2014,8,Aug,2014-08,3,33,0,0,0,0,1.29,703,906.87,19.5,0.0
2014-08-15,2014,8,Aug,2014-08,4,33,0,0,0,0,1.55,703,1089.65,19.5,0.0
2014-08-16,2014,8,Aug,2014-08,5,33,0,0,0,0,1.55,703,1089.65,19.5,0.0
2014-08-17,2014,8,Aug,2014-08,6,33,0,0,0,0,1.55,703,1089.65,19.5,0.0
2014-08-18,2014,8,Aug,2014-08,0,34,0,0,0,0,1.55,2143,3321.65,19.5,0.0
2014-08-19,2014,8,Aug,2014-08,1,34,0,0,0,0,1.55,2143,3321.65,19.5,0.0
2014-08-20,2014,8,Aug,2014-08,2,34,68,0,68,68,1.55,2075,3216.25,21.7,0.0
2014-08-21,2014,8,Aug,2014-08,3,34,169,57,112,112,1.19,1908,2270.52,27.3,1.9
2014-08-22,2014,8,Aug,2014-08,4,34,213,102,111,111,1.19,1695,2017.05,34.4,5.3
2014-08-23,2014,8,Aug,2014-08,5,34,338,149,189,189,1.19,1356,1613.6399999999999,45.7,10.3
2014-08-24,2014,8,Aug,2014-08,6,34,129,78,51,51,1.19,1227,1460.1299999999999,49.5,12.9
2014-08-26,2014,8,Aug,2014-08,1,35,13,0,13,13,1.19,1271,1512.49,49.6,12.9
2014-08-27,2014,8,Aug,2014-08,2,35,85,0,85,85,1.19,1186,1411.34,52.0,12.9
2014-08-29,2014,8,Aug,2014-08,4,35,0,0,0,0,1.29,1186,1529.94,51.5,12.9
2014-08-30,2014,8,Aug,2014-08,5,35,0,0,0,0,1.29,1186,1529.94,50.6,12.9
2014-08-31,2014,8,Aug,2014-08,6,35,0,0,0,0,1.29,1186,1529.94,50.1,12.9
2014-09-01,2014,9,Sep,2014-09,0,36,0,0,0,0,1.29,1474,1901.46,48.4,12.9
2014-09-02,2014,9,Sep,2014-09,1,36,0,0,0,0,1.29,1474,1901.46,46.8,12.9
2014-09-03,2014,9,Sep,2014-09,2,36,0,0,0,0,1.29,1474,1901.46,45.0,12.9
2014-09-04,2014,9,Sep,2014-09,3,36,0,0,0,0,1.29,1474,1901.46,43.5,12.9
2014-09-05,2014,9,Sep,2014-09,4,36,0,0,0,0,1.29,2146,2768.34,42.1,12.9
2014-09-06,2014,9,Sep,2014-09,5,36,0,0,0,0,1.29,2146,2768.34,41.6,12.9
2014-09-07,2014,9,Sep,2014-09,6,36,0,0,0,0,1.29,2146,2768.34,38.1,12.9
2014-09-08,2014,9,Sep,2014-09,0,37,64,0,64,64,1.29,2082,2685.78,37.9,12.9
2014-09-09,2014,9,Sep,2014-09,1,37,154,28,126,126,1.29,1928,2487.12,41.1,13.8
2014-09-10,2014,9,Sep,2014-09,2,37,143,50,93,93,1.29,1785,2302.65,45.9,15.5
2014-09-11,2014,9,Sep,2014-09,3,37,96,42,54,54,1.29,1689,2178.81,49.1,16.9
2014-09-12,2014,9,Sep,2014-09,4,37,140,48,92,92,1.29,1549,1998.21,53.7,18.5
2014-09-13,2014,9,Sep,2014-09,5,37,67,40,27,27,1.29,1484,1914.3600000000001,56.0,19.8
2014-09-14,2014,9,Sep,2014-09,6,37,3,1,2,2,1.29,1481,1910.49,56.1,19.8
2014-09-15,2014,9,Sep,2014-09,0,38,71,0,71,71,1.29,1410,1818.9,58.4,19.8
2014-09-16,2014,9,Sep,2014-09,1,38,58,2,56,56,1.29,1352,1744.0800000000002,60.4,19.9
2014-09-17,2014,9,Sep,2014-09,2,38,62,0,62,62,1.29,1962,2530.98,62.4,19.9
2014-09-18,2014,9,Sep,2014-09,3,38,62,0,62,62,1.29,1996,2574.84,64.5,19.9
2014-09-19,2014,9,Sep,2014-09,4,38,62,0,62,62,1.29,2126,2742.54,66.6,19.9
2014-09-20,2014,9,Sep,2014-09,5,38,168,25,143,143,1.29,2532,3266.28,72.2,20.7
2014-09-21,2014,9,Sep,2014-09,6,38,99,16,83,83,1.29,2433,3138.57,73.2,21.3
2014-09-22,2014,9,Sep,2014-09,0,39,39,2,37,37,1.29,2394,3088.26,68.9,19.4
2014-09-23,2014,9,Sep,2014-09,1,39,64,0,64,64,1.29,2285,2947.65,63.9,16.0
2014-09-24,2014,9,Sep,2014-09,2,39,117,19,98,98,1.29,2168,2796.7200000000003,56.5,11.7
2014-09-25,2014,9,Sep,2014-09,3,39,104,19,85,85,1.29,2064,2662.56,55.7,9.7
2014-09-26,2014,9,Sep,2014-09,4,39,108,21,87,87,1.29,1956,2523.2400000000002,58.9,10.4
2014-09-27,2014,9,Sep,2014-09,5,39,234,91,143,143,1.29,1014,1308.06,63.8,13.5
2014-09-28,2014,9,Sep,2014-09,6,39,97,0,97,97,1.29,917,1182.93,67.1,13.5
2014-09-29,2014,9,Sep,2014-09,0,40,85,11,74,74,1.29,832,1073.28,69.9,13.8
2014-09-30,2014,9,Sep,2014-09,1,40,88,15,73,73,1.29,1896,2445.84,72.8,14.3
2014-10-01,2014,10,Oct,2014-10,2,40,190,80,110,110,1.29,1801,2323.29,79.2,17.0
2014-10-02,2014,10,Oct,2014-10,3,40,163,73,90,90,1.29,1637,2111.73,84.6,19.4
2014-10-03,2014,10,Oct,2014-10,4,40,90,72,18,18,1.29,1835,2367.15,87.6,21.8
2014-10-04,2014,10,Oct,2014-10,5,40,105,73,32,32,1.29,1730,2231.7000000000003,91.1,24.3
2014-10-05,2014,10,Oct,2014-10,6,40,47,23,24,24,1.29,1683,2171.07,92.7,25.0
2014-10-06,2014,10,Oct,2014-10,0,41,66,0,66,66,1.29,2097,2705.13,94.9,25.0
2014-10-07,2014,10,Oct,2014-10,1,41,84,6,78,78,1.29,2109,2720.61,97.7,25.2
2014-10-08,2014,10,Oct,2014-10,2,41,80,10,70,70,1.29,2028,2616.12,98.2,25.6
2014-10-09,2014,10,Oct,2014-10,3,41,97,11,86,86,1.29,1934,2494.86,96.3,25.0
2014-10-10,2014,10,Oct,2014-10,4,41,64,15,49,49,1.29,2254,2907.66,93.7,23.8
2014-10-11,2014,10,Oct,2014-10,5,41,128,35,93,93,1.29,2126,2742.54,94.7,23.6
2014-10-12,2014,10,Oct,2014-10,6,41,85,10,75,75,1.29,2041,2632.89,92.9,22.3
2014-10-13,2014,10,Oct,2014-10,0,42,50,0,50,50,1.29,2087,2692.23,92.3,21.0
2014-10-14,2014,10,Oct,2014-10,1,42,91,0,91,91,1.29,1996,2574.84,95.3,21.0
2014-10-15,2014,10,Oct,2014-10,2,42,93,9,84,84,1.29,1903,2454.87,96.0,21.3
2014-10-16,2014,10,Oct,2014-10,3,42,50,4,46,46,1.29,1852,2389.08,95.7,21.3
2014-10-17,2014,10,Oct,2014-10,4,42,85,0,85,85,1.29,2246,2897.34,96.5,21.3
2014-10-18,2014,10,Oct,2014-10,5,42,129,30,99,99,1.29,2117,2730.9300000000003,98.7,22.3
2014-10-19,2014,10,Oct,2014-10,6,42,119,21,98,98,1.29,1998,2577.42,100.6,23.0
2014-10-20,2014,10,Oct,2014-10,0,43,45,0,45,45,1.29,2049,2643.21,96.5,22.2
2014-10-21,2014,10,Oct,2014-10,1,43,78,0,78,78,1.29,2067,2666.4300000000003,95.8,21.7
2014-10-22,2014,10,Oct,2014-10,2,43,90,6,84,84,1.29,1977,2550.33,97.5,21.8
2014-10-23,2014,10,Oct,2014-10,3,43,78,9,69,69,1.29,1899,2449.71,98.0,22.1
2014-10-24,2014,10,Oct,2014-10,4,43,62,15,47,47,1.29,1837,2369.73,96.2,22.0
2014-10-25,2014,10,Oct,2014-10,5,43,97,24,73,73,1.29,1740,2244.6,95.9,22.1
2014-10-26,2014,10,Oct,2014-10,6,43,111,12,99,99,1.29,1629,2101.41,96.0,21.8
2014-10-27,2014,10,Oct,2014-10,0,44,55,0,55,55,1.29,1574,2030.46,90.1,18.8
2014-10-28,2014,10,Oct,2014-10,1,44,60,0,60,60,1.29,1510,1947.9,88.8,18.8
2014-10-29,2014,10,Oct,2014-10,2,44,61,0,61,61,1.29,1449,1869.21,88.0,18.4
2014-10-30,2014,10,Oct,2014-10,3,44,81,0,81,81,1.49,1368,2038.32,87.8,17.9
2014-10-31,2014,10,Oct,2014-10,4,44,131,11,120,120,1.49,1237,1843.1299999999999,85.8,15.6
2014-11-01,2014,11,Nov,2014-11,5,44,160,54,106,106,1.49,1077,1604.73,85.7,15.0
2014-11-02,2014,11,Nov,2014-11,6,44,131,26,105,105,1.49,946,1409.54,87.1,13.5
2014-11-03,2014,11,Nov,2014-11,0,45,43,5,38,38,1.49,903,1345.47,85.0,11.2
2014-11-04,2014,11,Nov,2014-11,1,45,34,0,34,34,1.49,869,1294.81,84.6,10.4
2014-11-05,2014,11,Nov,2014-11,2,45,33,0,33,33,1.49,836,1245.64,83.5,10.4
2014-11-06,2014,11,Nov,2014-11,3,45,37,0,37,37,1.49,799,1190.51,81.9,10.2
2014-11-07,2014,11,Nov,2014-11,4,45,82,0,82,82,1.49,717,1068.33,82.0,9.9
2014-11-08,2014,11,Nov,2014-11,5,45,542,244,298,298,1.49,175,260.75,96.8,17.7
2014-11-09,2014,11,Nov,2014-11,6,45,239,135,104,104,1.49,0,0.0,102.7,21.7
2014-11-10,2014,11,Nov,2014-11,0,46,51,0,51,51,1.49,0,0.0,100.1,20.5
2014-11-11,2014,11,Nov,2014-11,1,46,51,0,51,51,1.49,80,119.2,99.0,20.2
2014-11-12,2014,11,Nov,2014-11,2,46,41,0,41,41,1.49,34,50.66,98.7,20.2
2014-11-13,2014,11,Nov,2014-11,3,46,1,0,1,1,1.49,33,49.17,95.7,20.2
2014-11-14,2014,11,Nov,2014-11,4,46,0,0,0,0,1.49,33,49.17,92.6,19.9
2014-11-15,2014,11,Nov,2014-11,5,46,1,0,1,1,1.49,32,47.68,90.9,19.7
2014-11-16,2014,11,Nov,2014-11,6,46,0,0,0,0,1.49,32,47.68,88.1,19.7
2014-11-17,2014,11,Nov,2014-11,0,47,0,0,0,0,1.49,32,47.68,83.8,18.7
2014-11-18,2014,11,Nov,2014-11,1,47,7,0,7,7,1.49,25,37.25,80.1,18.0
2014-11-19,2014,11,Nov,2014-11,2,47,1,0,1,1,1.49,24,35.76,78.6,18.0
2014-11-20,2014,11,Nov,2014-11,3,47,4,0,4,4,1.29,20,25.8,76.1,18.0
2014-11-21,2014,11,Nov,2014-11,4,47,1,0,1,1,1.29,19,24.51,73.2,17.8
2014-11-22,2014,11,Nov,2014-11,5,47,1,0,1,1,1.29,18,23.22,70.6,17.5
2014-11-23,2014,11,Nov,2014-11,6,47,2,0,2,2,1.29,16,20.64,68.6,17.0
2014-11-24,2014,11,Nov,2014-11,0,48,0,0,0,0,1.29,16,20.64,65.4,16.2
2014-11-25,2014,11,Nov,2014-11,1,48,0,0,0,0,1.29,16,20.64,61.7,15.8
2014-11-26,2014,11,Nov,2014-11,2,48,0,0,0,0,1.29,16,20.64,59.8,15.8
2014-11-27,2014,11,Nov,2014-11,3,48,0,0,0,0,1.29,16,20.64,57.8,15.8
2014-11-28,2014,11,Nov,2014-11,4,48,0,0,0,0,1.29,16,20.64,55.8,15.8
2014-11-29,2014,11,Nov,2014-11,5,48,0,0,0,0,1.29,16,20.64,53.1,15.8
2014-11-30,2014,11,Nov,2014-11,6,48,0,0,0,0,1.29,16,20.64,48.7,15.5
2014-12-01,2014,12,Dec,2014-12,0,49,0,0,0,0,1.29,16,20.64,43.4,13.7
2014-12-02,2014,12,Dec,2014-12,1,49,0,0,0,0,1.29,16,20.64,39.0,12.8
2014-12-03,2014,12,Dec,2014-12,2,49,0,0,0,0,1.29,16,20.64,37.6,12.6
2014-12-04,2014,12,Dec,2014-12,3,49,0,0,0,0,1.29,16,20.64,36.5,12.6
2014-12-05,2014,12,Dec,2014-12,4,49,0,0,0,0,1.49,16,23.84,35.4,12.6
2014-12-06,2014,12,Dec,2014-12,5,49,0,0,0,0,1.49,16,23.84,34.1,12.6
2014-12-07,2014,12,Dec,2014-12,6,49,0,0,0,0,1.49,16,23.84,31.4,12.6
2014-12-08,2014,12,Dec,2014-12,0,50,0,0,0,0,1.49,16,23.84,13.3,4.5
2014-12-09,2014,12,Dec,2014-12,1,50,0,0,0,0,1.49,16,23.84,5.4,0.0
2014-12-10,2014,12,Dec,2014-12,2,50,0,0,0,0,1.49,16,23.84,3.7,0.0
2014-12-11,2014,12,Dec,2014-12,3,50,0,0,0,0,1.49,16,23.84,2.0,0.0
2014-12-12,2014,12,Dec,2014-12,4,50,0,0,0,0,1.49,16,23.84,0.6,0.0
2014-12-13,2014,12,Dec,2014-12,5,50,0,0,0,0,1.49,16,23.84,0.6,0.0
2014-12-14,2014,12,Dec,2014-12,6,50,0,0,0,0,1.49,16,23.84,0.6,0.0
2014-12-15,2014,12,Dec,2014-12,0,51,0,0,0,0,1.49,688,1025.12,0.5,0.0
2014-12-16,2014,12,Dec,2014-12,1,51,49,0,49,49,1.49,735,1095.15,2.2,0.0
2014-12-17,2014,12,Dec,2014-12,2,51,157,23,134,134,1.29,578,745.62,7.4,0.8
2014-12-18,2014,12,Dec,2014-12,3,51,193,59,134,134,1.29,385,496.65000000000003,13.6,2.7
2014-12-19,2014,12,Dec,2014-12,4,51,94,40,54,54,1.29,291,375.39,16.7,4.1
2014-12-20,2014,12,Dec,2014-12,5,51,135,54,81,81,1.29,156,201.24,21.1,5.9
2014-12-21,2014,12,Dec,2014-12,6,51,118,26,92,92,1.29,38,49.02,25.0,6.7
2014-12-22,2014,12,Dec,2014-12,0,52,18,0,18,18,1.29,116,149.64000000000001,25.5,6.7
2014-12-23,2014,12,Dec,2014-12,1,52,0,0,0,0,1.29,116,149.64000000000001,25.5,6.7
2014-12-24,2014,12,Dec,2014-12,2,52,14,0,14,14,1.29,102,131.58,25.9,6.7
2014-12-25,2014,12,Dec,2014-12,3,52,0,0,0,0,1.29,102,131.58,25.9,6.7
2014-12-26,2014,12,Dec,2014-12,4,52,20,0,20,20,1.29,82,105.78,26.6,6.7
2014-12-27,2014,12,Dec,2014-12,5,52,42,0,42,42,1.29,328,423.12,28.0,6.7
2014-12-28,2014,12,Dec,2014-12,6,52,45,0,45,45,1.29,283,365.07,29.5,6.7
2014-12-29,2014,12,Dec,2014-12,0,1,55,0,55,55,1.29,612,789.48,31.3,6.7
2014-12-30,2014,12,Dec,2014-12,1,1,59,0,59,59,1.29,553,713.37,33.3,6.7
2014-12-31,2014,12,Dec,2014-12,2,1,11,0,11,11,1.29,542,699.1800000000001,33.7,6.7
2015-01-01,2015,1,Jan,2015-01,3,1,0,0,0,0,1.29,542,699.1800000000001,33.7,6.7
2015-01-02,2015,1,Jan,2015-01,4,1,77,0,77,77,1.29,561,723.69,36.2,6.7
2015-01-03,2015,1,Jan,2015-01,5,1,60,5,55,55,1.29,2229,2875.41,38.2,6.9
2015-01-04,2015,1,Jan,2015-01,6,1,1,0,1,1,1.29,2228,2874.12,38.3,6.9
2015-01-05,2015,1,Jan,2015-01,0,2,69,0,69,69,1.29,2351,3032.79,40.6,6.9
2015-01-06,2015,1,Jan,2015-01,1,2,98,0,98,98,1.29,2253,2906.37,43.8,6.9
2015-01-07,2015,1,Jan,2015-01,2,2,119,12,107,107,1.29,2134,2752.86,47.8,7.3
2015-01-08,2015,1,Jan,2015-01,3,2,93,9,84,84,1.29,2137,2756.73,50.9,7.6
2015-01-09,2015,1,Jan,2015-01,4,2,92,18,74,74,1.29,2045,2638.05,54.0,8.2
2015-01-10,2015,1,Jan,2015-01,5,2,112,34,78,78,1.29,1933,2493.57,57.7,9.3
2015-01-11,2015,1,Jan,2015-01,6,2,96,9,87,87,1.29,1837,2369.73,60.9,9.6
2015-01-12,2015,1,Jan,2015-01,0,3,93,0,93,93,1.29,1744,2249.76,64.0,9.6
2015-01-13,2015,1,Jan,2015-01,1,3,65,0,65,65,1.29,1679,2165.91,66.2,9.6
2015-01-14,2015,1,Jan,2015-01,2,3,100,6,94,94,1.29,1581,2039.49,69.5,9.8
2015-01-15,2015,1,Jan,2015-01,3,3,51,0,51,51,1.49,1530,2279.7,69.6,9.8
2015-01-16,2015,1,Jan,2015-01,4,3,55,0,55,55,1.49,1475,2197.75,66.2,9.1
2015-01-17,2015,1,Jan,2015-01,5,3,71,0,71,71,1.49,1403,2090.47,62.1,7.1
2015-01-18,2015,1,Jan,2015-01,6,3,57,0,57,57,1.49,1346,2005.54,60.9,5.8
2015-01-19,2015,1,Jan,2015-01,0,4,34,0,34,34,1.49,1312,1954.8799999999999,57.5,4.0
2015-01-20,2015,1,Jan,2015-01,1,4,47,0,47,47,1.49,1265,1884.85,55.1,3.1
2015-01-21,2015,1,Jan,2015-01,2,4,88,0,88,88,1.29,1177,1518.3300000000002,57.5,3.1
2015-01-22,2015,1,Jan,2015-01,3,4,51,0,51,51,1.29,1126,1452.54,59.2,3.1
2015-01-23,2015,1,Jan,2015-01,4,4,49,0,49,49,1.29,1076,1388.04,60.3,3.1
2015-01-24,2015,1,Jan,2015-01,5,4,110,0,110,110,1.29,966,1246.14,64.0,3.1
2015-01-25,2015,1,Jan,2015-01,6,4,30,0,30,30,1.29,936,1207.44,64.3,3.1
2015-01-26,2015,1,Jan,2015-01,0,5,59,0,59,59,1.29,877,1131.33,64.9,3.1
2015-01-27,2015,1,Jan,2015-01,1,5,97,0,97,97,1.29,780,1006.2,66.6,3.1
2015-01-28,2015,1,Jan,2015-01,2,5,155,20,135,135,1.29,625,806.25,70.0,3.8
2015-01-29,2015,1,Jan,2015-01,3,5,125,24,101,101,1.29,500,645.0,72.2,4.6
2015-01-30,2015,1,Jan,2015-01,4,5,100,30,70,70,1.29,496,639.84,75.1,5.6
2015-01-31,2015,1,Jan,2015-01,5,5,211,102,109,109,1.29,285,367.65000000000003,82.2,9.0
2015-02-01,2015,2,Feb,2015-02,6,5,88,39,49,49,1.29,197,254.13,82.5,10.3
2015-02-02,2015,2,Feb,2015-02,0,6,114,34,80,80,1.29,467,602.4300000000001,84.3,11.2
2015-02-03,2015,2,Feb,2015-02,1,6,89,29,60,60,1.29,570,735.3000000000001,87.3,12.2
2015-02-04,2015,2,Feb,2015-02,2,6,118,41,77,77,1.29,548,706.9200000000001,88.9,13.6
2015-02-05,2015,2,Feb,2015-02,3,6,84,29,55,55,1.29,1136,1465.44,88.4,14.5
2015-02-06,2015,2,Feb,2015-02,4,6,125,46,79,79,1.29,1299,1675.71,88.6,15.7
2015-02-07,2015,2,Feb,2015-02,5,6,184,85,99,99,1.04,1211,1259.44,91.7,18.2
2015-02-08,2015,2,Feb,2015-02,6,6,107,39,68,68,1.29,1104,1424.16,92.2,18.9
2015-02-09,2015,2,Feb,2015-02,0,7,70,4,66,66,1.29,1033,1332.57,90.8,17.9
2015-02-10,2015,2,Feb,2015-02,1,7,66,0,66,66,1.29,1063,1371.27,89.8,17.6
2015-02-11,2015,2,Feb,2015-02,2,7,89,9,80,80,1.29,974,1256.46,89.6,17.9
2015-02-12,2015,2,Feb,2015-02,3,7,50,2,48,48,2.84,1116,3169.44,89.1,18.0
2015-02-13,2015,2,Feb,2015-02,4,7,20,0,20,20,2.89,1096,3167.44,86.5,17.8
2015-02-14,2015,2,Feb,2015-02,5,7,77,0,77,77,2.89,1019,2944.9100000000003,87.3,17.8
2015-02-15,2015,2,Feb,2015-02,6,7,33,0,33,33,2.89,986,2849.54,86.6,17.8
2015-02-16,2015,2,Feb,2015-02,0,8,47,0,47,47,2.89,1035,2991.15,85.8,17.8
2015-02-17,2015,2,Feb,2015-02,1,8,35,0,35,35,2.89,1000,2890.0,85.1,17.8
2015-02-18,2015,2,Feb,2015-02,2,8,60,0,60,60,2.89,1228,3548.92,85.9,17.8
2015-02-19,2015,2,Feb,2015-02,3,8,31,0,31,31,2.89,1197,3459.33,85.4,17.8
2015-02-20,2015,2,Feb,2015-02,4,8,35,0,35,35,2.89,1162,3358.1800000000003,83.6,17.8
2015-02-21,2015,2,Feb,2015-02,5,8,80,0,80,80,2.87,1082,3105.34,84.6,17.8
2015-02-22,2015,2,Feb,2015-02,6,8,42,0,42,42,2.89,1039,3002.71,84.4,17.8
2015-02-23,2015,2,Feb,2015-02,0,9,23,0,23,23,2.89,1016,2936.2400000000002,81.5,17.8
2015-02-24,2015,2,Feb,2015-02,1,9,19,0,19,19,2.89,997,2881.33,81.1,17.8
2015-02-25,2015,2,Feb,2015-02,2,9,18,0,18,18,2.89,1075,3106.75,79.7,17.8
2015-02-26,2015,2,Feb,2015-02,3,9,37,0,37,37,2.89,1134,3277.26,77.7,17.8
2015-02-27,2015,2,Feb,2015-02,4,9,50,0,50,50,2.89,1084,3132.76,74.2,17.1
2015-02-28,2015,2,Feb,2015-02,5,9,127,0,127,127,2.89,957,2765.73,74.3,16.3
2015-03-01,2015,3,Mar,2015-03,6,9,123,8,115,115,2.89,834,2410.26,75.1,15.6
2015-03-02,2015,3,Mar,2015-03,0,10,44,0,44,44,2.89,789,2280.21,69.5,12.2
2015-03-03,2015,3,Mar,2015-03,1,10,22,0,22,22,2.89,767,2216.63,67.3,10.9
2015-03-04,2015,3,Mar,2015-03,2,10,31,0,31,31,2.89,736,2127.04,64.5,9.7
2015-03-05,2015,3,Mar,2015-03,3,10,22,0,22,22,2.89,714,2063.46,62.3,8.8
2015-03-06,2015,3,Mar,2015-03,4,10,40,0,40,40,2.89,674,1947.8600000000001,59.7,7.4
2015-03-07,2015,3,Mar,2015-03,5,10,62,0,62,62,2.89,612,1768.68,59.0,6.4
2015-03-08,2015,3,Mar,2015-03,6,10,59,0,59,59,2.89,553,1598.17,56.8,4.9
2015-03-09,2015,3,Mar,2015-03,0,11,28,0,28,28,2.89,525,1517.25,51.6,2.1
2015-03-10,2015,3,Mar,2015-03,1,11,68,0,68,68,1.49,458,682.42,50.3,0.8
2015-03-11,2015,3,Mar,2015-03,2,11,73,0,73,73,1.49,385,573.65,50.4,0.6
2015-03-12,2015,3,Mar,2015-03,3,11,87,0,87,87,1.49,298,444.02,51.1,0.6
2015-03-13,2015,3,Mar,2015-03,4,11,175,33,142,142,1.29,1878,2422.62,53.9,1.4
2015-03-14,2015,3,Mar,2015-03,5,11,300,175,125,125,1.29,1575,2031.75,62.3,7.2
2015-03-15,2015,3,Mar,2015-03,6,11,196,119,77,77,1.29,1379,1778.91,68.1,11.2
2015-03-16,2015,3,Mar,2015-03,0,12,123,49,74,74,1.29,1256,1620.24,69.7,12.8
2015-03-17,2015,3,Mar,2015-03,1,12,168,67,101,101,1.29,1088,1403.52,74.2,15.0
2015-03-18,2015,3,Mar,2015-03,2,12,209,107,102,102,1.29,1263,1629.27,79.6,18.6
2015-03-19,2015,3,Mar,2015-03,3,12,188,100,88,88,1.29,1075,1386.75,84.7,21.9
2015-03-20,2015,3,Mar,2015-03,4,12,219,132,87,87,1.29,856,1104.24,90.0,26.3
2015-03-21,2015,3,Mar,2015-03,5,12,381,218,163,163,1.29,475,612.75,101.6,33.6
2015-03-22,2015,3,Mar,2015-03,6,12,158,128,30,30,1.29,317,408.93,105.7,37.9
2015-03-23,2015,3,Mar,2015-03,0,13,12,0,12,12,1.49,304,452.96,103.5,37.9
2015-03-24,2015,3,Mar,2015-03,1,13,8,0,8,8,1.29,296,381.84000000000003,102.3,37.9
2015-03-25,2015,3,Mar,2015-03,2,13,10,0,10,10,1.29,286,368.94,101.9,37.9
2015-03-26,2015,3,Mar,2015-03,3,13,88,0,88,88,1.29,774,998.46,104.2,37.9
2015-03-27,2015,3,Mar,2015-03,4,13,196,58,138,138,1.29,770,993.3000000000001,110.1,39.8
2015-03-28,2015,3,Mar,2015-03,5,13,206,94,112,112,1.29,660,851.4,115.8,42.9
2015-03-29,2015,3,Mar,2015-03,6,13,83,26,57,57,1.29,577,744.33,116.9,43.8
2015-03-30,2015,3,Mar,2015-03,0,14,0,0,0,0,1.49,673,1002.77,112.6,43.8
2015-03-31,2015,3,Mar,2015-03,1,14,0,0,0,0,1.49,673,1002.77,108.5,43.5
2015-04-01,2015,4,Apr,2015-04,2,14,27,0,27,27,1.49,646,962.54,108.0,43.5
2015-04-02,2015,4,Apr,2015-04,3,14,27,0,27,27,1.49,1002,1492.98,108.1,43.5
2015-04-03,2015,4,Apr,2015-04,4,14,54,0,54,54,1.49,1044,1555.56,108.9,43.5
2015-04-04,2015,4,Apr,2015-04,5,14,136,3,133,133,1.49,908,1352.92,112.7,43.6
2015-04-05,2015,4,Apr,2015-04,6,14,55,0,55,55,1.49,853,1270.97,113.2,43.6
2015-04-06,2015,4,Apr,2015-04,0,15,22,0,22,22,1.49,831,1238.19,111.9,43.6
2015-04-07,2015,4,Apr,2015-04,1,15,30,0,30,30,1.49,801,1193.49,110.9,43.6
2015-04-08,2015,4,Apr,2015-04,2,15,30,0,30,30,1.49,771,1148.79,111.0,43.6
2015-04-09,2015,4,Apr,2015-04,3,15,30,0,30,30,1.49,930,1385.7,109.7,43.6
2015-04-10,2015,4,Apr,2015-04,4,15,44,0,44,44,1.49,1078,1606.22,108.7,43.6
2015-04-11,2015,4,Apr,2015-04,5,15,39,0,39,39,1.49,1423,2120.27,107.1,43.6
2015-04-12,2015,4,Apr,2015-04,6,15,57,0,57,57,1.49,1366,2035.34,103.2,42.5
2015-04-13,2015,4,Apr,2015-04,0,16,30,0,30,30,1.49,1336,1990.64,94.2,36.7
2015-04-14,2015,4,Apr,2015-04,1,16,47,0,47,47,1.49,1385,2063.65,89.2,32.7
2015-04-15,2015,4,Apr,2015-04,2,16,74,0,74,74,1.49,1311,1953.39,87.6,31.1
2015-04-16,2015,4,Apr,2015-04,3,16,114,0,114,114,1.39,1196,1662.4399999999998,85.8,28.9
2015-04-17,2015,4,Apr,2015-04,4,16,40,0,40,40,1.39,1156,1606.84,80.2,25.3
2015-04-18,2015,4,Apr,2015-04,5,16,62,0,62,62,1.39,1094,1520.6599999999999,76.0,22.0
2015-04-19,2015,4,Apr,2015-04,6,16,62,0,62,62,1.39,1032,1434.4799999999998,70.7,17.6
2015-04-20,2015,4,Apr,2015-04,0,17,135,0,135,135,1.39,897,1246.83,62.5,10.3
2015-04-21,2015,4,Apr,2015-04,1,17,175,9,166,166,1.39,722,1003.5799999999999,63.1,6.3
2015-04-22,2015,4,Apr,2015-04,2,17,82,24,58,58,1.39,736,1023.04,65.4,7.1
2015-04-23,2015,4,Apr,2015-04,3,17,62,15,47,47,1.4,674,943.5999999999999,67.2,7.6
2015-04-24,2015,4,Apr,2015-04,4,17,88,21,67,67,1.4,586,820.4,69.8,8.3
2015-04-25,2015,4,Apr,2015-04,5,17,152,59,93,93,1.4,434,607.5999999999999,72.0,10.3
2015-04-26,2015,4,Apr,2015-04,6,17,64,28,36,36,1.4,370,518.0,67.6,9.3
2015-04-27,2015,4,Apr,2015-04,0,18,67,0,67,67,1.4,591,827.4,62.9,6.2
2015-04-28,2015,4,Apr,2015-04,1,18,73,0,73,73,1.39,806,1120.34,62.6,5.3
2015-04-29,2015,4,Apr,2015-04,2,18,130,12,118,118,1.39,676,939.64,66.9,5.7
2015-04-30,2015,4,Apr,2015-04,3,18,115,14,101,101,1.39,657,913.2299999999999,70.8,6.2
2015-05-01,2015,5,May,2015-05,4,18,260,112,148,148,1.39,397,551.8299999999999,78.5,9.9
2015-05-02,2015,5,May,2015-05,5,18,228,133,95,95,1.39,169,234.91,85.2,14.3
2015-05-03,2015,5,May,2015-05,6,18,120,45,75,75,1.39,49,68.11,87.4,15.8
2015-05-04,2015,5,May,2015-05,0,19,31,1,30,30,1.39,18,25.02,83.9,15.8
2015-05-05,2015,5,May,2015-05,1,19,0,0,0,0,1.39,18,25.02,82.1,15.8
2015-05-06,2015,5,May,2015-05,2,19,3,0,3,3,1.39,15,20.849999999999998,81.5,15.8
2015-05-07,2015,5,May,2015-05,3,19,0,0,0,0,1.39,15,20.849999999999998,80.5,15.8
2015-05-08,2015,5,May,2015-05,4,19,0,0,0,0,1.39,15,20.849999999999998,79.5,15.8
2015-05-10,2015,5,May,2015-05,6,19,0,0,0,0,1.49,15,22.35,78.5,15.8
2015-05-11,2015,5,May,2015-05,0,20,1,0,1,1,1.49,14,20.86,77.0,15.8
2015-05-12,2015,5,May,2015-05,1,20,0,0,0,0,1.49,14,20.86,75.7,15.8
2015-05-13,2015,5,May,2015-05,2,20,1,0,1,1,1.49,13,19.37,73.9,15.8
2015-05-14,2015,5,May,2015-05,3,20,1,0,1,1,1.49,12,17.88,72.9,15.8
2015-05-15,2015,5,May,2015-05,4,20,1,0,1,1,1.49,10,14.9,71.4,15.8
2015-05-16,2015,5,May,2015-05,5,20,0,0,0,0,1.49,10,14.9,68.9,15.8
2015-05-17,2015,5,May,2015-05,6,20,0,0,0,0,1.49,10,14.9,65.1,15.8
2015-05-18,2015,5,May,2015-05,0,21,0,0,0,0,1.49,10,14.9,63.8,15.8
2015-05-19,2015,5,May,2015-05,1,21,1,0,1,1,1.49,9,13.41,61.7,15.8
2015-05-20,2015,5,May,2015-05,2,21,0,0,0,0,1.49,9,13.41,59.7,15.8
2015-05-21,2015,5,May,2015-05,3,21,0,0,0,0,1.49,9,13.41,55.2,15.8
2015-05-22,2015,5,May,2015-05,4,21,0,0,0,0,1.49,9,13.41,49.3,15.5
2015-05-23,2015,5,May,2015-05,5,21,0,0,0,0,1.49,9,13.41,46.6,14.7
2015-05-24,2015,5,May,2015-05,6,21,0,0,0,0,1.49,9,13.41,44.5,14.2
2015-05-25,2015,5,May,2015-05,0,22,0,0,0,0,1.39,9,12.51,41.6,13.5
2015-05-26,2015,5,May,2015-05,1,22,0,0,0,0,1.39,9,12.51,36.5,11.5
2015-05-27,2015,5,May,2015-05,2,22,0,0,0,0,1.39,9,12.51,34.4,10.6
2015-05-28,2015,5,May,2015-05,3,22,0,0,0,0,1.39,9,12.51,32.2,10.6
2015-05-29,2015,5,May,2015-05,4,22,0,0,0,0,1.39,9,12.51,29.7,10.6
2015-05-30,2015,5,May,2015-05,5,22,0,0,0,0,1.39,9,12.51,25.4,10.2
2015-05-31,2015,5,May,2015-05,6,22,0,0,0,0,1.39,9,12.51,21.6,9.7
2015-06-01,2015,6,Jun,2015-06,0,23,0,0,0,0,1.39,105,145.95,12.9,6.0
2015-06-02,2015,6,Jun,2015-06,1,23,0,0,0,0,1.39,105,145.95,5.3,1.5
2015-06-03,2015,6,Jun,2015-06,2,23,0,0,0,0,1.39,105,145.95,1.3,0.0
2015-06-04,2015,6,Jun,2015-06,3,23,0,0,0,0,1.39,105,145.95,0.3,0.0
2015-06-05,2015,6,Jun,2015-06,4,23,168,6,162,162,1.39,1377,1914.03,5.9,0.2
2015-06-06,2015,6,Jun,2015-06,5,23,201,126,75,75,1.2,1176,1411.2,12.5,4.4
2015-06-07,2015,6,Jun,2015-06,6,23,147,81,66,66,1.19,1029,1224.51,17.4,7.1
2015-06-08,2015,6,Jun,2015-06,0,24,119,39,80,80,1.19,910,1082.8999999999999,21.3,8.4
2015-06-09,2015,6,Jun,2015-06,1,24,122,28,94,94,1.19,788,937.7199999999999,25.4,9.3
2015-06-10,2015,6,Jun,2015-06,2,24,149,67,82,82,1.19,639,760.41,30.3,11.6
2015-06-11,2015,6,Jun,2015-06,3,24,111,55,56,56,1.19,720,856.8,34.0,13.4
2015-06-12,2015,6,Jun,2015-06,4,24,95,52,43,43,1.19,721,857.99,37.2,15.1
2015-06-13,2015,6,Jun,2015-06,5,24,237,130,107,107,1.19,675,803.25,45.0,19.5
2015-06-14,2015,6,Jun,2015-06,6,24,110,26,84,84,1.19,565,672.35,48.7,20.3
2015-06-15,2015,6,Jun,2015-06,0,25,104,26,78,78,1.19,653,777.0699999999999,52.1,21.2
2015-06-16,2015,6,Jun,2015-06,1,25,61,27,34,34,1.19,592,704.48,54.2,22.1
2015-06-17,2015,6,Jun,2015-06,2,25,40,0,40,40,1.29,1127,1453.83,55.5,22.1
2015-06-18,2015,6,Jun,2015-06,3,25,114,0,114,114,1.29,1301,1678.29,59.3,22.1
2015-06-19,2015,6,Jun,2015-06,4,25,129,59,70,70,1.29,1172,1511.88,63.6,24.1
2015-06-20,2015,6,Jun,2015-06,5,25,111,33,78,78,1.29,1061,1368.69,67.3,25.2
2015-06-21,2015,6,Jun,2015-06,6,25,146,10,136,136,1.29,915,1180.3500000000001,72.1,25.5
2015-06-22,2015,6,Jun,2015-06,0,26,57,0,57,57,1.49,858,1278.42,74.0,25.5
2015-06-23,2015,6,Jun,2015-06,1,26,19,0,19,19,1.49,839,1250.11,74.7,25.5
2015-06-24,2015,6,Jun,2015-06,2,26,27,0,27,27,1.49,1291,1923.59,75.6,25.5
2015-06-25,2015,6,Jun,2015-06,3,26,62,0,62,62,1.49,1229,1831.21,77.6,25.5
2015-06-26,2015,6,Jun,2015-06,4,26,95,11,84,84,1.49,1902,2833.98,80.8,25.9
2015-06-27,2015,6,Jun,2015-06,5,26,183,81,102,102,1.39,1719,2389.41,86.9,28.6
2015-06-28,2015,6,Jun,2015-06,6,26,94,15,79,79,1.39,1624,2257.3599999999997,90.0,29.1
2015-06-29,2015,6,Jun,2015-06,0,27,116,11,105,105,1.39,1606,2232.3399999999997,93.9,29.4
2015-06-30,2015,6,Jun,2015-06,1,27,63,6,57,57,1.39,1543,2144.77,96.0,29.6
2015-07-01,2015,7,Jul,2015-07,2,27,147,41,106,106,1.39,1396,1940.4399999999998,100.9,31.0
2015-07-02,2015,7,Jul,2015-07,3,27,101,40,61,61,1.39,1295,1800.05,104.3,32.3
2015-07-03,2015,7,Jul,2015-07,4,27,248,85,163,163,1.29,1047,1350.63,112.5,35.2
2015-07-04,2015,7,Jul,2015-07,5,27,142,97,45,45,1.29,905,1167.45,117.3,38.4
2015-07-05,2015,7,Jul,2015-07,6,27,186,113,73,73,1.29,719,927.51,117.9,42.0
2015-07-06,2015,7,Jul,2015-07,0,28,109,37,72,72,1.29,898,1158.42,114.8,39.0
2015-07-07,2015,7,Jul,2015-07,1,28,228,75,153,153,1.29,957,1234.53,117.5,38.8
2015-07-08,2015,7,Jul,2015-07,2,28,66,28,38,38,1.29,1083,1397.07,115.7,38.4
2015-07-09,2015,7,Jul,2015-07,3,28,182,78,104,104,1.29,901,1162.29,117.7,40.1
2015-07-10,2015,7,Jul,2015-07,4,28,1,20,-19,19,1.29,996,1284.8400000000001,112.8,38.5
2015-07-11,2015,7,Jul,2015-07,5,28,64,0,64,64,1.29,1124,1449.96,111.2,36.7
2015-07-12,2015,7,Jul,2015-07,6,28,118,29,89,89,1.29,1006,1297.74,112.0,35.9
2015-07-13,2015,7,Jul,2015-07,0,29,55,0,55,55,1.29,950,1225.5,105.9,31.6
2015-07-14,2015,7,Jul,2015-07,1,29,43,0,43,43,1.27,907,1151.89,103.7,30.7
2015-07-15,2015,7,Jul,2015-07,2,29,95,0,95,95,1.28,812,1039.3600000000001,103.4,29.9
2015-07-16,2015,7,Jul,2015-07,3,29,54,0,54,54,1.28,758,970.24,103.2,29.0
2015-07-17,2015,7,Jul,2015-07,4,29,85,0,85,85,1.28,673,861.44,104.7,29.0
2015-07-18,2015,7,Jul,2015-07,5,29,92,28,64,64,1.27,869,1103.63,103.9,29.9
2015-07-19,2015,7,Jul,2015-07,6,29,61,0,61,61,1.28,808,1034.24,101.7,27.9
2015-07-20,2015,7,Jul,2015-07,0,30,111,0,111,111,1.27,697,885.19,101.7,26.8
2015-07-21,2015,7,Jul,2015-07,1,30,7,0,7,7,1.28,1170,1497.6000000000001,97.0,26.5
2015-07-22,2015,7,Jul,2015-07,2,30,4,0,4,4,1.28,1262,1615.3600000000001,95.3,26.5
2015-07-23,2015,7,Jul,2015-07,3,30,66,0,66,66,1.27,1292,1640.84,96.8,26.5
2015-07-24,2015,7,Jul,2015-07,4,30,95,5,90,90,1.28,1197,1532.16,99.1,26.7
2015-07-25,2015,7,Jul,2015-07,5,30,190,71,119,119,1.27,1103,1400.81,103.4,29.0
2015-07-26,2015,7,Jul,2015-07,6,30,60,17,43,43,1.28,1043,1335.04,102.2,29.2
2015-07-27,2015,7,Jul,2015-07,0,31,42,0,42,42,1.27,1097,1393.19,97.5,26.5
2015-07-28,2015,7,Jul,2015-07,1,31,79,0,79,79,1.27,1306,1658.6200000000001,97.0,26.0
2015-07-29,2015,7,Jul,2015-07,2,31,109,23,86,86,1.27,1581,2007.8700000000001,96.8,26.4
2015-07-30,2015,7,Jul,2015-07,3,31,165,26,139,139,1.28,1416,1812.48,100.2,27.1
2015-07-31,2015,7,Jul,2015-07,4,31,99,40,59,59,1.27,1317,1672.59,98.6,27.1
2015-08-01,2015,8,Aug,2015-08,5,31,233,122,111,111,1.48,1084,1604.32,103.0,29.8
2015-08-02,2015,8,Aug,2015-08,6,31,16,0,16,16,1.48,1067,1579.16,95.2,27.0
2015-08-03,2015,8,Aug,2015-08,0,32,2,0,2,2,1.46,1065,1554.8999999999999,90.6,23.7
2015-08-04,2015,8,Aug,2015-08,1,32,5,0,5,5,1.47,1060,1558.2,84.5,20.0
2015-08-05,2015,8,Aug,2015-08,2,32,22,0,22,22,1.48,1038,1536.24,81.6,18.7
2015-08-06,2015,8,Aug,2015-08,3,32,8,0,8,8,1.49,1030,1534.7,74.3,16.2
2015-08-07,2015,8,Aug,2015-08,4,32,65,0,65,65,1.48,321,475.08,74.3,15.3
2015-08-08,2015,8,Aug,2015-08,5,32,157,28,129,129,1.48,451,667.48,73.4,13.6
2015-08-09,2015,8,Aug,2015-08,6,32,65,2,63,63,1.48,386,571.28,75.6,13.0
2015-08-10,2015,8,Aug,2015-08,0,33,90,0,90,90,1.48,296,438.08,76.4,13.0
2015-08-11,2015,8,Aug,2015-08,1,33,3,0,3,3,1.18,1157,1365.26,72.6,12.1
2015-08-12,2015,8,Aug,2015-08,2,33,5,0,5,5,1.18,1152,1359.36,70.9,12.1
2015-08-13,2015,8,Aug,2015-08,3,33,1,0,1,1,1.19,2015,2397.85,69.5,12.1
2015-08-14,2015,8,Aug,2015-08,4,33,65,0,65,65,1.18,2046,2414.2799999999997,68.5,12.1
2015-08-15,2015,8,Aug,2015-08,5,33,235,81,154,154,1.17,1811,2118.87,74.6,14.8
2015-08-16,2015,8,Aug,2015-08,6,33,76,3,73,73,1.18,1735,2047.3,74.3,14.9
2015-08-17,2015,8,Aug,2015-08,0,34,2,0,2,2,1.19,1733,2062.27,71.3,13.9
2015-08-18,2015,8,Aug,2015-08,1,34,101,0,101,101,1.18,1632,1925.76,72.6,13.9
2015-08-19,2015,8,Aug,2015-08,2,34,162,42,120,120,1.17,1470,1719.8999999999999,74.3,15.3
2015-08-20,2015,8,Aug,2015-08,3,34,25,29,-4,4,1.17,1446,1691.82,74.9,16.3
2015-08-21,2015,8,Aug,2015-08,4,34,4,0,4,4,1.16,1442,1672.7199999999998,74.9,16.3
2015-08-22,2015,8,Aug,2015-08,5,34,1,0,1,1,1.19,1441,1714.79,72.7,16.3
2015-08-23,2015,8,Aug,2015-08,6,34,75,0,75,75,1.17,1366,1598.2199999999998,72.1,16.1
2015-08-24,2015,8,Aug,2015-08,0,35,32,0,32,32,1.18,1334,1574.12,66.8,13.8
2015-08-25,2015,8,Aug,2015-08,1,35,76,0,76,76,1.18,1258,1484.4399999999998,67.3,13.2
2015-08-26,2015,8,Aug,2015-08,2,35,6,0,6,6,1.17,1252,1464.84,66.1,13.2
2015-08-27,2015,8,Aug,2015-08,3,35,65,0,65,65,1.18,1285,1516.3,65.7,13.2
2015-08-28,2015,8,Aug,2015-08,4,35,145,11,134,134,1.17,1140,1333.8,66.9,12.8
2015-08-29,2015,8,Aug,2015-08,5,35,78,19,59,59,1.17,1062,1242.54,64.0,12.6
2015-08-30,2015,8,Aug,2015-08,6,35,6,0,6,6,1.18,1055,1244.8999999999999,60.9,11.2
2015-08-31,2015,8,Aug,2015-08,0,36,0,0,0,0,1.19,1151,1369.6899999999998,53.1,7.2
2015-09-01,2015,9,Sep,2015-09,1,36,126,0,126,126,1.18,1217,1436.06,56.8,7.2
2015-09-02,2015,9,Sep,2015-09,2,36,240,63,177,177,1.17,1073,1255.4099999999999,64.7,9.3
2015-09-03,2015,9,Sep,2015-09,3,36,67,1,66,66,1.68,1006,1690.08,66.8,9.3
2015-09-04,2015,9,Sep,2015-09,4,36,140,32,108,108,1.68,863,1449.84,70.7,10.4
2015-09-05,2015,9,Sep,2015-09,5,36,208,148,60,60,1.68,655,1100.3999999999999,77.4,15.3
2015-09-06,2015,9,Sep,2015-09,6,36,76,67,9,9,1.68,579,972.7199999999999,77.7,17.5
2015-09-07,2015,9,Sep,2015-09,0,37,240,94,146,146,1.68,339,569.52,80.5,19.7
2015-09-08,2015,9,Sep,2015-09,1,37,52,17,35,35,1.01,575,580.75,80.1,20.2
2015-09-09,2015,9,Sep,2015-09,2,37,111,20,91,91,0.94,464,436.15999999999997,80.8,20.9
2015-09-10,2015,9,Sep,2015-09,3,37,176,63,113,113,0.97,288,279.36,86.5,23.0
2015-09-11,2015,9,Sep,2015-09,4,37,84,46,38,38,1.01,300,303.0,89.2,24.5
2015-09-12,2015,9,Sep,2015-09,5,37,171,114,57,57,1.0,129,129.0,94.8,28.3
2015-09-13,2015,9,Sep,2015-09,6,37,102,45,57,57,0.99,27,26.73,96.1,29.8
2015-09-14,2015,9,Sep,2015-09,0,38,69,0,69,69,0.97,0,0.0,90.5,27.1
2015-09-15,2015,9,Sep,2015-09,1,38,77,4,73,73,0.93,0,0.0,90.6,27.2
2015-09-16,2015,9,Sep,2015-09,2,38,174,47,127,127,0.97,0,0.0,96.3,28.7
2015-09-17,2015,9,Sep,2015-09,3,38,69,0,69,69,1.68,0,0.0,95.2,28.7
2015-09-18,2015,9,Sep,2015-09,4,38,52,13,39,39,1.68,930,1562.3999999999999,91.6,27.8
2015-09-19,2015,9,Sep,2015-09,5,38,42,0,42,42,1.68,1080,1814.3999999999999,92.1,26.8
2015-09-20,2015,9,Sep,2015-09,6,38,1,0,1,1,1.69,1079,1823.51,92.0,26.8
2015-09-21,2015,9,Sep,2015-09,0,39,62,0,62,62,1.68,1016,1706.8799999999999,94.1,26.8
2015-09-22,2015,9,Sep,2015-09,1,39,88,0,88,88,1.68,928,1559.04,94.5,26.8
2015-09-23,2015,9,Sep,2015-09,2,39,60,0,60,60,1.68,1348,2264.64,95.4,26.8
2015-09-24,2015,9,Sep,2015-09,3,39,2,0,2,2,1.66,1442,2393.72,93.0,26.8
2015-09-25,2015,9,Sep,2015-09,4,39,3,0,3,3,1.69,1631,2756.39,92.9,26.8
2015-09-26,2015,9,Sep,2015-09,5,39,9,0,9,9,1.76,1622,2854.72,91.0,26.8
2015-09-27,2015,9,Sep,2015-09,6,39,142,0,142,142,1.78,1480,2634.4,90.9,26.4
2015-09-28,2015,9,Sep,2015-09,0,40,90,0,90,90,1.78,1580,2812.4,91.3,25.8
2015-09-29,2015,9,Sep,2015-09,1,40,20,0,20,20,1.78,1560,2776.8,91.8,25.8
2015-09-30,2015,9,Sep,2015-09,2,40,37,0,37,37,1.78,1523,2710.94,93.0,25.8
2015-10-01,2015,10,Oct,2015-10,3,40,86,0,86,86,1.78,1437,2557.86,91.7,25.8
2015-10-02,2015,10,Oct,2015-10,4,40,166,55,111,111,1.78,1367,2433.26,89.2,25.5
2015-10-03,2015,10,Oct,2015-10,5,40,391,216,175,175,1.48,976,1444.48,100.0,32.7
2015-10-04,2015,10,Oct,2015-10,6,40,56,66,-10,10,1.47,919,1350.93,97.2,33.8
2015-10-05,2015,10,Oct,2015-10,0,41,64,0,64,64,1.47,951,1397.97,92.4,28.9
2015-10-06,2015,10,Oct,2015-10,1,41,35,0,35,35,1.48,916,1355.68,91.0,26.7
2015-10-07,2015,10,Oct,2015-10,2,41,40,0,40,40,1.47,875,1286.25,84.4,23.5
2015-10-08,2015,10,Oct,2015-10,3,41,21,0,21,21,1.48,1526,2258.48,83.3,23.0
2015-10-09,2015,10,Oct,2015-10,4,41,42,0,42,42,1.48,1484,2196.32,81.0,22.3
2015-10-10,2015,10,Oct,2015-10,5,41,95,0,95,95,1.48,1389,2055.72,78.3,20.2
2015-10-11,2015,10,Oct,2015-10,6,41,85,0,85,85,1.48,1304,1929.92,78.4,18.7
2015-10-12,2015,10,Oct,2015-10,0,42,140,0,140,140,1.47,1356,1993.32,77.3,14.9
2015-10-13,2015,10,Oct,2015-10,1,42,80,0,80,80,1.48,1276,1888.48,76.6,13.4
2015-10-14,2015,10,Oct,2015-10,2,42,91,6,85,85,1.48,1185,1753.8,77.3,13.6
2015-10-15,2015,10,Oct,2015-10,3,42,65,5,60,60,1.48,1120,1657.6,76.9,13.6
2015-10-16,2015,10,Oct,2015-10,4,42,166,22,144,144,1.48,1146,1696.08,76.7,12.8
2015-10-17,2015,10,Oct,2015-10,5,42,137,68,69,69,1.48,1297,1919.56,78.9,15.0
2015-10-18,2015,10,Oct,2015-10,6,42,174,76,98,98,1.48,1123,1662.04,83.0,17.1
2015-10-19,2015,10,Oct,2015-10,0,43,120,32,88,88,1.48,1291,1910.68,85.6,18.2
2015-10-20,2015,10,Oct,2015-10,1,43,93,14,79,79,1.78,1198,2132.44,88.7,18.7
2015-10-21,2015,10,Oct,2015-10,2,43,100,34,66,66,1.78,1096,1950.88,89.9,19.8
2015-10-22,2015,10,Oct,2015-10,3,43,137,52,85,85,1.27,1055,1339.85,91.6,21.5
2015-10-23,2015,10,Oct,2015-10,4,43,241,93,148,148,1.27,1006,1277.6200000000001,97.6,24.6
2015-10-24,2015,10,Oct,2015-10,5,43,113,81,32,32,1.27,893,1134.1100000000001,101.3,27.3
2015-10-25,2015,10,Oct,2015-10,6,43,257,140,117,117,1.28,636,814.08,109.8,32.0
2015-10-26,2015,10,Oct,2015-10,0,44,166,61,105,105,1.28,474,606.72,115.0,34.0
2015-10-27,2015,10,Oct,2015-10,1,44,162,88,74,74,1.28,312,399.36,115.7,37.0
2015-10-28,2015,10,Oct,2015-10,2,44,247,128,119,119,1.28,1121,1434.88,120.9,41.2
2015-10-29,2015,10,Oct,2015-10,3,44,70,43,27,27,1.78,1435,2554.3,122.6,42.7
2015-10-30,2015,10,Oct,2015-10,4,44,139,67,72,72,1.35,1296,1749.6000000000001,126.0,44.9
2015-10-31,2015,10,Oct,2015-10,5,44,195,172,23,23,1.34,1293,1732.6200000000001,129.6,50.6
2015-11-01,2015,11,Nov,2015-11,6,44,206,132,74,74,1.34,1087,1456.5800000000002,130.9,53.2
2015-11-02,2015,11,Nov,2015-11,0,45,268,130,138,138,1.35,819,1105.65,126.8,50.3
2015-11-03,2015,11,Nov,2015-11,1,45,59,37,22,22,1.35,760,1026.0,126.9,49.4
2015-11-04,2015,11,Nov,2015-11,2,45,99,2,97,97,1.34,1237,1657.5800000000002,128.1,49.4
2015-11-05,2015,11,Nov,2015-11,3,45,63,28,35,35,1.75,1366,2390.5,129.0,50.4
2015-11-06,2015,11,Nov,2015-11,4,45,77,38,39,39,1.76,1577,2775.52,130.3,51.6
2015-11-07,2015,11,Nov,2015-11,5,45,232,166,66,66,2.18,1345,2932.1000000000004,137.3,57.2
2015-11-08,2015,11,Nov,2015-11,6,45,157,65,92,92,2.18,1188,2589.84,141.1,59.3
2015-11-09,2015,11,Nov,2015-11,0,46,107,9,98,98,2.19,1081,2367.39,141.5,59.6
2015-11-10,2015,11,Nov,2015-11,1,46,57,11,46,46,2.18,1023,2230.1400000000003,140.6,60.0
2015-11-11,2015,11,Nov,2015-11,2,46,95,1,94,94,2.18,930,2027.4,139.1,60.0
2015-11-12,2015,11,Nov,2015-11,3,46,86,25,61,61,2.19,844,1848.36,139.3,60.9
2015-11-13,2015,11,Nov,2015-11,4,46,102,41,61,61,2.19,742,1624.98,139.7,62.0
2015-11-14,2015,11,Nov,2015-11,5,46,184,80,104,104,1.79,846,1514.34,143.6,64.5
2015-11-15,2015,11,Nov,2015-11,6,46,138,41,97,97,1.79,708,1267.32,142.7,65.2
2015-11-16,2015,11,Nov,2015-11,0,47,106,23,83,83,2.19,698,1528.62,141.7,63.7
2015-11-17,2015,11,Nov,2015-11,1,47,89,14,75,75,2.19,609,1333.71,138.8,61.6
2015-11-18,2015,11,Nov,2015-11,2,47,107,25,82,82,2.19,502,1099.3799999999999,138.4,61.4
2015-11-19,2015,11,Nov,2015-11,3,47,78,24,54,54,2.19,424,928.56,137.9,61.7
2015-11-20,2015,11,Nov,2015-11,4,47,185,74,111,111,2.19,238,521.22,140.7,63.0
2015-11-21,2015,11,Nov,2015-11,5,47,151,93,58,58,2.19,87,190.53,141.2,64.4
2015-11-22,2015,11,Nov,2015-11,6,47,97,30,67,67,2.19,0,0.0,136.4,62.3
2015-11-23,2015,11,Nov,2015-11,0,48,76,7,69,69,2.19,0,0.0,135.2,59.8
2015-11-24,2015,11,Nov,2015-11,1,48,140,17,123,123,2.19,0,0.0,131.3,55.7
2015-11-25,2015,11,Nov,2015-11,2,48,137,41,96,96,2.67,0,0.0,130.3,55.1
2015-11-26,2015,11,Nov,2015-11,3,48,84,39,45,45,2.69,0,0.0,127.7,53.4
2015-11-27,2015,11,Nov,2015-11,4,48,0,0,0,0,2.69,0,0.0,119.5,49.2
2015-11-28,2015,11,Nov,2015-11,5,48,7,0,7,7,2.69,0,0.0,117.4,47.7
2015-11-29,2015,11,Nov,2015-11,6,48,5,0,5,5,2.69,0,0.0,112.9,45.5
2015-11-30,2015,11,Nov,2015-11,0,49,22,0,22,22,2.69,0,0.0,107.1,39.8
2015-12-01,2015,12,Dec,2015-12,1,49,36,0,36,36,2.29,0,0.0,101.5,35.4
2015-12-02,2015,12,Dec,2015-12,2,49,36,0,36,36,2.29,1655,3789.9500000000003,93.7,31.0
2015-12-03,2015,12,Dec,2015-12,3,49,38,0,38,38,2.29,2001,4582.29,93.0,29.8
2015-12-04,2015,12,Dec,2015-12,4,49,95,0,95,95,2.29,1905,4362.45,92.9,29.7
2015-12-05,2015,12,Dec,2015-12,5,49,108,22,86,86,2.25,1893,4259.25,94.4,29.5
2015-12-06,2015,12,Dec,2015-12,6,49,70,1,69,69,2.29,1823,4174.67,94.2,28.3
2015-12-07,2015,12,Dec,2015-12,0,50,78,0,78,78,2.29,1745,3996.05,89.0,22.8
2015-12-08,2015,12,Dec,2015-12,1,50,77,0,77,77,2.29,1668,3819.7200000000003,86.4,20.6
2015-12-09,2015,12,Dec,2015-12,2,50,76,8,68,68,2.29,1880,4305.2,85.3,20.6
2015-12-10,2015,12,Dec,2015-12,3,50,59,2,57,57,2.29,1821,4170.09,85.4,20.3
2015-12-11,2015,12,Dec,2015-12,4,50,42,0,42,42,2.29,1779,4073.91,83.6,20.2
2015-12-12,2015,12,Dec,2015-12,5,50,142,19,123,123,2.29,1637,3748.73,85.5,20.0
2015-12-13,2015,12,Dec,2015-12,6,50,116,18,98,98,2.29,1521,3483.09,86.0,19.3
2015-12-14,2015,12,Dec,2015-12,0,51,57,17,40,40,2.29,1848,4231.92,81.7,17.2
2015-12-15,2015,12,Dec,2015-12,1,51,167,14,153,153,2.29,1681,3849.4900000000002,82.7,16.3
2015-12-16,2015,12,Dec,2015-12,2,51,154,61,93,93,2.29,1527,3496.83,84.3,17.5
2015-12-17,2015,12,Dec,2015-12,3,51,139,60,79,79,1.39,1964,2729.9599999999996,86.0,19.1
2015-12-18,2015,12,Dec,2015-12,4,51,192,87,105,105,1.39,1772,2463.08,88.8,21.1
2015-12-19,2015,12,Dec,2015-12,5,51,295,213,82,82,1.39,2533,3520.87,96.0,27.4
2015-12-20,2015,12,Dec,2015-12,6,51,311,231,80,80,1.39,2222,3088.58,100.2,32.7
2015-12-21,2015,12,Dec,2015-12,0,52,251,173,78,78,1.39,1971,2739.6899999999996,103.6,35.3
2015-12-22,2015,12,Dec,2015-12,1,52,377,200,177,177,1.39,1594,2215.66,112.9,41.0
2015-12-23,2015,12,Dec,2015-12,2,52,410,191,219,219,1.39,1184,1645.76,124.0,47.1
2015-12-24,2015,12,Dec,2015-12,3,52,161,124,37,37,1.39,1023,1421.9699999999998,124.7,50.7
2015-12-25,2015,12,Dec,2015-12,4,52,0,36,-36,36,1.39,1023,1421.9699999999998,120.2,50.5
2015-12-26,2015,12,Dec,2015-12,5,52,212,87,125,125,1.39,811,1127.29,124.4,52.1
2015-12-27,2015,12,Dec,2015-12,6,52,106,109,-3,3,1.39,705,979.9499999999999,128.0,55.8
2015-12-28,2015,12,Dec,2015-12,0,53,100,0,100,100,1.39,604,839.56,131.1,55.8
2015-12-29,2015,12,Dec,2015-12,1,53,9,0,9,9,1.39,595,827.05,131.2,55.8
2015-12-30,2015,12,Dec,2015-12,2,53,0,0,0,0,1.39,595,827.05,130.5,55.8
2015-12-31,2015,12,Dec,2015-12,3,53,0,0,0,0,1.39,595,827.05,129.3,55.8
2016-01-01,2016,1,Jan,2016-01,4,53,0,0,0,0,1.39,595,827.05,128.1,55.8
2016-01-02,2016,1,Jan,2016-01,5,53,3,0,3,3,1.39,592,822.88,126.9,55.8
2016-01-03,2016,1,Jan,2016-01,6,53,0,0,0,0,2.29,592,1355.68,123.7,55.8
2016-01-04,2016,1,Jan,2016-01,0,1,0,0,0,0,1.46,592,864.3199999999999,120.1,55.0
2016-01-05,2016,1,Jan,2016-01,1,1,3,0,3,3,1.46,589,859.9399999999999,117.9,55.0
2016-01-06,2016,1,Jan,2016-01,2,1,3,0,3,3,1.46,586,855.56,115.4,55.0
2016-01-07,2016,1,Jan,2016-01,3,1,0,0,0,0,1.46,586,855.56,112.8,55.0
2016-01-08,2016,1,Jan,2016-01,4,1,2,0,2,2,1.46,584,852.64,110.4,54.7
2016-01-10,2016,1,Jan,2016-01,6,1,3,0,3,3,1.46,581,848.26,108.5,54.7
2016-01-11,2016,1,Jan,2016-01,0,2,0,0,0,0,1.46,581,848.26,107.1,54.7
2016-01-12,2016,1,Jan,2016-01,1,2,103,0,103,103,1.46,478,697.88,105.8,54.0
2016-01-13,2016,1,Jan,2016-01,2,2,164,47,117,117,1.46,314,458.44,107.4,55.0
2016-01-14,2016,1,Jan,2016-01,3,2,118,42,76,76,1.46,196,286.15999999999997,109.4,55.8
2016-01-15,2016,1,Jan,2016-01,4,2,65,26,39,39,1.46,131,191.26,106.0,56.2
2016-01-16,2016,1,Jan,2016-01,5,2,24,19,5,5,1.46,107,156.22,101.7,54.8
2016-01-18,2016,1,Jan,2016-01,0,3,1,0,1,1,1.46,106,154.76,97.1,52.8
2016-01-19,2016,1,Jan,2016-01,1,3,0,0,0,0,1.46,106,154.76,90.7,49.9
2016-01-20,2016,1,Jan,2016-01,2,3,1,0,1,1,1.46,105,153.29999999999998,80.9,42.8
2016-01-21,2016,1,Jan,2016-01,3,3,60,0,60,60,1.46,3213,4690.98,72.5,35.1
2016-01-22,2016,1,Jan,2016-01,4,3,103,0,103,103,1.35,3110,4198.5,67.6,29.4
2016-01-23,2016,1,Jan,2016-01,5,3,263,134,129,129,1.39,2847,3957.33,63.8,27.2
2016-01-24,2016,1,Jan,2016-01,6,3,189,116,73,73,1.39,2658,3694.62,56.4,24.7
2016-01-25,2016,1,Jan,2016-01,0,4,197,59,138,138,1.39,2461,3420.79,57.6,22.5
2016-01-26,2016,1,Jan,2016-01,1,4,105,52,53,53,1.46,2356,3439.7599999999998,61.1,23.0
2016-01-27,2016,1,Jan,2016-01,2,4,129,78,51,51,1.46,2227,3251.42,58.4,22.7
2016-01-28,2016,1,Jan,2016-01,3,4,144,86,58,58,1.46,2083,3041.18,59.6,22.0
2016-01-29,2016,1,Jan,2016-01,4,4,173,101,72,72,1.79,1910,3418.9,62.1,25.3
2016-01-30,2016,1,Jan,2016-01,5,4,293,197,96,96,1.79,1617,2894.43,71.5,31.9
2016-01-31,2016,1,Jan,2016-01,6,4,219,125,94,94,1.79,1398,2502.42,78.8,36.1
2016-02-01,2016,2,Feb,2016-02,0,5,131,68,63,63,1.79,1267,2267.93,83.2,38.3
2016-02-02,2016,2,Feb,2016-02,1,5,184,72,112,112,1.79,1083,1938.57,89.3,40.7
2016-02-03,2016,2,Feb,2016-02,2,5,266,98,168,168,1.79,817,1462.43,98.1,44.0
2016-02-04,2016,2,Feb,2016-02,3,5,98,85,13,13,2.18,815,1776.7,101.4,46.8
2016-02-05,2016,2,Feb,2016-02,4,5,67,94,-27,27,2.29,1420,3251.8,103.6,50.0
2016-02-06,2016,2,Feb,2016-02,5,5,85,169,-84,84,2.29,1335,3057.15,106.3,55.6
2016-02-07,2016,2,Feb,2016-02,6,5,78,82,-4,4,2.29,1257,2878.53,108.8,58.3
2016-02-08,2016,2,Feb,2016-02,0,6,71,6,65,65,2.19,1185,2595.15,111.2,58.5
2016-02-09,2016,2,Feb,2016-02,1,6,113,0,113,113,2.19,1072,2347.68,114.9,58.5
2016-02-10,2016,2,Feb,2016-02,2,6,138,0,138,138,2.19,1894,4147.86,119.4,58.5
2016-02-11,2016,2,Feb,2016-02,3,6,98,0,98,98,2.19,1796,3933.24,122.7,58.5
2016-02-12,2016,2,Feb,2016-02,4,6,96,1,95,95,2.19,1700,3723.0,122.4,58.6
2016-02-13,2016,2,Feb,2016-02,5,6,190,62,128,128,2.19,1510,3306.9,123.3,59.1
2016-02-14,2016,2,Feb,2016-02,6,6,105,43,62,62,2.19,1510,3306.9,122.9,59.1
2016-02-15,2016,2,Feb,2016-02,0,7,25,1,24,24,2.19,1510,3306.9,121.5,58.3
2016-02-16,2016,2,Feb,2016-02,1,7,47,0,47,47,2.19,1909,4180.71,122.3,57.6
2016-02-17,2016,2,Feb,2016-02,2,7,63,0,63,63,2.19,1845,4040.5499999999997,124.4,57.6
2016-02-18,2016,2,Feb,2016-02,3,7,39,17,22,22,2.19,1806,3955.14,125.7,58.2
2016-02-19,2016,2,Feb,2016-02,4,7,35,1,34,34,2.19,1771,3878.49,126.8,58.2
2016-02-20,2016,2,Feb,2016-02,5,7,77,0,77,77,2.19,1982,4340.58,127.4,58.2
2016-02-21,2016,2,Feb,2016-02,6,7,60,0,60,60,2.19,1922,4209.18,125.9,58.2
2016-02-22,2016,2,Feb,2016-02,0,8,52,0,52,52,2.19,1870,4095.2999999999997,118.9,53.8
2016-02-23,2016,2,Feb,2016-02,1,8,51,0,51,51,2.19,1819,3983.61,114.3,49.9
2016-02-24,2016,2,Feb,2016-02,2,8,37,0,37,37,2.19,1782,3902.58,109.0,47.9
2016-02-25,2016,2,Feb,2016-02,3,8,42,0,42,42,2.19,1740,3810.6,106.9,46.2
2016-02-26,2016,2,Feb,2016-02,4,8,89,0,89,89,2.19,1651,3615.69,105.5,43.6
2016-02-27,2016,2,Feb,2016-02,5,8,217,68,149,149,2.19,1367,2993.73,108.0,43.0
2016-02-28,2016,2,Feb,2016-02,6,8,197,29,168,168,2.19,1170,2562.2999999999997,108.8,40.6
2016-02-29,2016,2,Feb,2016-02,0,9,81,19,62,62,2.19,1089,2384.91,101.7,34.7
2016-03-01,2016,3,Mar,2016-03,1,9,58,32,26,26,2.19,1607,3519.33,96.3,31.6
2016-03-02,2016,3,Mar,2016-03,2,9,120,10,110,110,2.19,1487,3256.5299999999997,96.0,29.6
2016-03-03,2016,3,Mar,2016-03,3,9,64,53,11,11,2.19,1423,3116.37,92.0,29.0
2016-03-04,2016,3,Mar,2016-03,4,9,64,57,7,7,2.59,1743,4514.37,85.2,27.6
2016-03-05,2016,3,Mar,2016-03,5,9,76,42,34,34,2.59,1667,4317.53,84.5,26.2
2016-03-06,2016,3,Mar,2016-03,6,9,86,1,85,85,2.59,1581,4094.79,85.1,23.1
2016-03-07,2016,3,Mar,2016-03,0,10,98,0,98,98,2.59,1867,4835.53,85.6,17.5
2016-03-08,2016,3,Mar,2016-03,1,10,53,0,53,53,2.59,1814,4698.259999999999,84.7,14.7
2016-03-09,2016,3,Mar,2016-03,2,10,38,0,38,38,2.59,1774,4594.66,83.6,14.5
2016-03-10,2016,3,Mar,2016-03,3,10,46,0,46,46,2.19,1728,3784.3199999999997,81.4,14.5
2016-03-11,2016,3,Mar,2016-03,4,10,45,0,45,45,2.19,1779,3896.0099999999998,78.3,14.5
2016-03-12,2016,3,Mar,2016-03,5,10,67,0,67,67,2.19,1712,3749.2799999999997,77.3,14.5
2016-03-13,2016,3,Mar,2016-03,6,10,52,0,52,52,2.19,1660,3635.4,75.8,14.5
2016-03-14,2016,3,Mar,2016-03,0,11,24,0,24,24,2.19,1825,3996.75,70.3,12.4
2016-03-15,2016,3,Mar,2016-03,1,11,51,0,51,51,2.19,1774,3885.06,68.5,11.0
2016-03-16,2016,3,Mar,2016-03,2,11,127,0,127,127,2.19,1647,3606.93,71.9,11.0
2016-03-17,2016,3,Mar,2016-03,3,11,75,0,75,75,2.19,1572,3442.68,72.8,11.0
2016-03-18,2016,3,Mar,2016-03,4,11,62,0,62,62,2.19,1510,3306.9,72.8,11.0
2016-03-19,2016,3,Mar,2016-03,5,11,128,16,112,112,1.99,1478,2941.22,75.7,10.9
2016-03-20,2016,3,Mar,2016-03,6,11,138,14,124,124,1.99,1340,2666.6,79.2,11.4
2016-03-21,2016,3,Mar,2016-03,0,12,74,0,74,74,1.99,1554,3092.46,79.1,11.4
2016-03-22,2016,3,Mar,2016-03,1,12,73,0,73,73,2.59,1480,3833.2,79.5,11.4
2016-03-23,2016,3,Mar,2016-03,2,12,100,4,96,96,2.59,1380,3574.2,81.1,11.5
2016-03-24,2016,3,Mar,2016-03,3,12,71,4,67,67,2.59,1501,3887.5899999999997,81.8,11.6
2016-03-25,2016,3,Mar,2016-03,4,12,99,10,89,89,2.59,1402,3631.18,83.8,12.0
2016-03-26,2016,3,Mar,2016-03,5,12,102,30,72,72,2.59,1396,3615.64,85.8,13.0
2016-03-27,2016,3,Mar,2016-03,6,12,57,0,57,57,2.59,1339,3468.0099999999998,84.8,13.0
2016-03-28,2016,3,Mar,2016-03,0,13,23,0,23,23,2.59,1507,3903.1299999999997,78.3,10.7
2016-03-29,2016,3,Mar,2016-03,1,13,35,0,35,35,2.59,1760,4558.4,72.9,9.7
2016-03-30,2016,3,Mar,2016-03,2,13,59,0,59,59,2.59,1701,4405.59,72.2,9.1
2016-03-31,2016,3,Mar,2016-03,3,13,41,0,41,41,2.59,1660,4299.4,71.6,8.0
2016-04-01,2016,4,Apr,2016-04,4,13,68,0,68,68,2.59,1592,4123.28,69.9,7.7
2016-04-02,2016,4,Apr,2016-04,5,13,84,8,76,76,2.59,1508,3905.72,70.5,6.2
2016-04-03,2016,4,Apr,2016-04,6,13,42,0,42,42,2.59,1466,3796.9399999999996,69.8,4.3
2016-04-04,2016,4,Apr,2016-04,0,14,95,0,95,95,2.59,1659,4296.8099999999995,70.4,2.9
2016-04-05,2016,4,Apr,2016-04,1,14,85,0,85,85,2.59,1574,4076.66,70.4,2.9
2016-04-06,2016,4,Apr,2016-04,2,14,102,0,102,102,2.59,1472,3812.4799999999996,70.5,2.9
2016-04-07,2016,4,Apr,2016-04,3,14,111,2,109,109,2.59,1457,3773.6299999999997,72.5,2.9
2016-04-08,2016,4,Apr,2016-04,4,14,113,14,99,99,2.59,1344,3480.96,75.0,3.4
2016-04-09,2016,4,Apr,2016-04,5,14,208,58,150,150,2.59,1136,2942.24,80.4,5.3
2016-04-10,2016,4,Apr,2016-04,6,14,148,50,98,98,2.59,988,2558.92,83.8,7.0
2016-04-11,2016,4,Apr,2016-04,0,15,123,28,95,95,2.59,2017,5224.03,85.7,7.9
2016-04-12,2016,4,Apr,2016-04,1,15,62,28,34,34,2.59,1955,5063.45,86.0,8.9
2016-04-13,2016,4,Apr,2016-04,2,15,129,30,99,99,2.59,1825,4726.75,89.5,9.9
2016-04-14,2016,4,Apr,2016-04,3,15,102,46,56,56,2.59,1723,4462.57,91.2,11.4
2016-04-15,2016,4,Apr,2016-04,4,15,110,60,50,50,2.59,3917,10145.029999999999,90.6,13.4
2016-04-16,2016,4,Apr,2016-04,5,15,202,113,89,89,2.59,3715,9621.85,94.9,17.2
2016-04-17,2016,4,Apr,2016-04,6,15,144,58,86,86,2.59,3571,9248.89,97.6,19.1
2016-04-18,2016,4,Apr,2016-04,0,16,84,13,71,71,2.59,3487,9031.33,96.1,19.0
2016-04-19,2016,4,Apr,2016-04,1,16,127,25,102,102,1.89,3360,6350.4,95.8,19.4
2016-04-20,2016,4,Apr,2016-04,2,16,181,28,153,153,1.89,3179,6008.3099999999995,99.3,20.3
2016-04-21,2016,4,Apr,2016-04,3,16,268,87,181,181,1.89,2911,5501.79,105.8,23.2
2016-04-22,2016,4,Apr,2016-04,4,16,278,142,136,136,1.89,2636,4982.04,111.8,27.8
2016-04-23,2016,4,Apr,2016-04,5,16,234,224,10,10,1.89,2402,4539.78,117.2,35.1
2016-04-24,2016,4,Apr,2016-04,6,16,133,132,1,1,1.89,2269,4288.41,118.3,39.2
2016-04-25,2016,4,Apr,2016-04,0,17,91,88,3,3,1.89,2178,4116.42,118.0,41.1
2016-04-26,2016,4,Apr,2016-04,1,17,83,48,35,35,2.59,2095,5426.049999999999,118.8,42.7
2016-04-27,2016,4,Apr,2016-04,2,17,139,72,67,67,2.59,1956,5066.04,122.7,45.1
2016-04-28,2016,4,Apr,2016-04,3,17,113,73,40,40,2.59,1843,4773.37,125.3,47.6
2016-04-29,2016,4,Apr,2016-04,4,17,141,41,100,100,2.59,1702,4408.179999999999,128.0,48.9
2016-04-30,2016,4,Apr,2016-04,5,17,228,116,112,112,2.59,1474,3817.66,134.3,52.8
2016-05-01,2016,5,May,2016-05,6,17,163,43,120,120,2.59,1311,3395.49,137.4,54.2
2016-05-02,2016,5,May,2016-05,0,18,0,31,-31,31,2.59,1605,4156.95,134.6,55.0
2016-05-03,2016,5,May,2016-05,1,18,125,0,125,125,2.57,1768,4543.759999999999,137.4,55.0
2016-05-04,2016,5,May,2016-05,2,18,180,38,142,142,2.59,1876,4858.84,140.2,56.3
2016-05-05,2016,5,May,2016-05,3,18,222,84,138,138,1.88,1846,3470.48,144.8,59.1
2016-05-06,2016,5,May,2016-05,4,18,243,81,162,162,1.89,1602,3027.7799999999997,149.5,61.8
2016-05-07,2016,5,May,2016-05,5,18,408,193,215,215,1.89,1196,2260.44,159.4,68.1
2016-05-08,2016,5,May,2016-05,6,18,181,147,34,34,1.89,1014,1916.4599999999998,161.7,72.6
2016-05-09,2016,5,May,2016-05,0,19,176,87,89,89,1.88,838,1575.4399999999998,160.6,73.5
2016-05-10,2016,5,May,2016-05,1,19,178,72,106,106,1.89,660,1247.3999999999999,161.6,74.3
2016-05-11,2016,5,May,2016-05,2,19,310,103,207,207,1.38,348,480.23999999999995,167.8,76.8
2016-05-12,2016,5,May,2016-05,3,19,134,102,32,32,1.89,213,402.57,170.2,79.2
2016-05-13,2016,5,May,2016-05,4,19,132,74,58,58,1.89,81,153.09,170.3,80.7
2016-05-14,2016,5,May,2016-05,5,19,1,175,-174,174,1.89,80,151.2,167.0,85.0
2016-05-16,2016,5,May,2016-05,0,20,0,0,0,0,2.59,80,207.2,163.3,83.0
2016-05-17,2016,5,May,2016-05,1,20,0,0,0,0,2.59,2383,6171.969999999999,156.6,79.2
2016-05-18,2016,5,May,2016-05,2,20,110,0,110,110,2.59,2262,5858.58,155.4,77.3
2016-05-19,2016,5,May,2016-05,3,20,81,11,70,70,2.59,2181,5648.79,155.3,77.2
2016-05-20,2016,5,May,2016-05,4,20,112,21,91,91,2.59,2069,5358.71,154.8,77.1
2016-05-21,2016,5,May,2016-05,5,20,186,53,133,133,2.59,2069,5358.71,155.0,77.9
2016-05-22,2016,5,May,2016-05,6,20,113,49,64,64,2.59,1770,4584.3,149.8,76.7
2016-05-23,2016,5,May,2016-05,0,21,86,7,79,79,2.59,1684,4361.5599999999995,143.4,72.2
2016-05-24,2016,5,May,2016-05,1,21,59,0,59,59,2.59,1817,4706.03,137.6,64.7
2016-05-25,2016,5,May,2016-05,2,21,94,0,94,94,2.59,5946,15400.14,136.3,60.3
2016-05-26,2016,5,May,2016-05,3,21,167,37,130,130,2.59,5779,14967.609999999999,138.8,58.6
2016-05-27,2016,5,May,2016-05,4,21,244,84,160,160,2.59,5535,14335.65,144.2,59.8
2016-05-28,2016,5,May,2016-05,5,21,261,159,102,102,2.59,5273,13657.07,148.3,62.7
2016-05-29,2016,5,May,2016-05,6,21,187,126,61,61,2.59,5085,13170.15,150.7,64.5
2016-05-30,2016,5,May,2016-05,0,22,115,55,60,60,2.59,4970,12872.3,149.9,64.9
2016-05-31,2016,5,May,2016-05,1,22,139,61,78,78,2.59,4831,12512.289999999999,146.9,63.1
2016-06-01,2016,6,Jun,2016-06,2,22,273,128,145,145,2.59,4558,11805.22,150.6,65.9
2016-06-02,2016,6,Jun,2016-06,3,22,235,165,70,70,2.59,4323,11196.57,158.4,70.4
2016-06-03,2016,6,Jun,2016-06,4,22,172,106,66,66,2.59,4151,10751.09,160.0,73.9
2016-06-04,2016,6,Jun,2016-06,5,22,323,219,104,104,2.59,3828,9914.519999999999,164.7,80.0
2016-06-05,2016,6,Jun,2016-06,6,22,336,185,151,151,2.59,3492,9044.279999999999,168.5,83.3
2016-06-06,2016,6,Jun,2016-06,0,23,127,120,7,7,2.59,3365,8715.35,164.7,84.6
2016-06-07,2016,6,Jun,2016-06,1,23,137,91,46,46,2.59,3228,8360.52,155.6,81.2
2016-06-08,2016,6,Jun,2016-06,2,23,249,105,144,144,2.59,2979,7715.61,157.9,79.8
2016-06-09,2016,6,Jun,2016-06,3,23,201,107,94,94,2.59,2778,7195.0199999999995,158.7,80.5
2016-06-10,2016,6,Jun,2016-06,4,23,271,147,124,124,1.81,2507,4537.67,161.8,83.0
2016-06-11,2016,6,Jun,2016-06,5,23,512,217,295,295,1.65,2187,3608.5499999999997,168.6,86.8
2016-06-12,2016,6,Jun,2016-06,6,23,317,140,177,177,1.66,1870,3104.2,174.7,88.1
2016-06-13,2016,6,Jun,2016-06,0,24,224,43,181,181,1.66,1646,2732.3599999999997,177.7,87.0
2016-06-14,2016,6,Jun,2016-06,1,24,239,27,212,212,1.63,1407,2293.41,185.7,82.1
2016-06-15,2016,6,Jun,2016-06,2,24,377,48,329,329,1.63,1182,1926.6599999999999,198.2,83.7
2016-06-16,2016,6,Jun,2016-06,3,24,239,114,125,125,1.69,1423,2404.87,206.2,87.5
2016-06-17,2016,6,Jun,2016-06,4,24,243,51,192,192,1.66,1756,2914.96,210.6,89.2
2016-06-18,2016,6,Jun,2016-06,5,24,438,214,224,224,1.66,1318,2187.88,222.5,96.0
2016-06-19,2016,6,Jun,2016-06,6,24,334,155,179,179,1.68,985,1654.8,229.9,100.4
2016-06-20,2016,6,Jun,2016-06,0,25,149,72,77,77,2.59,836,2165.24,228.7,101.1
2016-06-21,2016,6,Jun,2016-06,1,25,32,3,29,29,2.59,803,2079.77,226.0,99.5
2016-06-22,2016,6,Jun,2016-06,2,25,39,0,39,39,2.59,2204,5708.36,224.4,99.3
2016-06-23,2016,6,Jun,2016-06,3,25,42,0,42,42,2.59,2738,7091.419999999999,223.9,99.3
2016-06-24,2016,6,Jun,2016-06,4,25,64,0,64,64,2.39,2674,6390.860000000001,222.9,99.3
2016-06-25,2016,6,Jun,2016-06,5,25,170,94,76,76,2.39,2504,5984.56,223.0,101.2
2016-06-26,2016,6,Jun,2016-06,6,25,132,40,92,92,2.39,2372,5669.08,219.2,99.7
2016-06-27,2016,6,Jun,2016-06,0,26,123,0,123,123,2.39,2249,5375.110000000001,214.6,94.4
2016-06-28,2016,6,Jun,2016-06,1,26,78,0,78,78,2.39,2171,5188.6900000000005,211.0,90.2
2016-06-29,2016,6,Jun,2016-06,2,26,130,7,123,123,2.39,2041,4877.990000000001,211.5,88.6
2016-06-30,2016,6,Jun,2016-06,3,26,141,17,124,124,2.39,1900,4541.0,211.6,87.2
2016-07-01,2016,7,Jul,2016-07,4,26,247,94,153,153,2.39,1653,3950.67,210.7,86.0
2016-07-02,2016,7,Jul,2016-07,5,26,322,182,140,140,2.39,1331,3181.09,213.6,86.6
2016-07-03,2016,7,Jul,2016-07,6,26,196,142,54,54,2.39,1135,2712.65,214.4,87.8
2016-07-04,2016,7,Jul,2016-07,0,27,172,89,83,83,2.39,963,2301.57,209.4,83.5
2016-07-05,2016,7,Jul,2016-07,1,27,218,118,100,100,2.39,1413,3377.07,205.4,81.2
2016-07-06,2016,7,Jul,2016-07,2,27,216,116,100,100,2.39,1965,4696.35,208.4,81.1
2016-07-07,2016,7,Jul,2016-07,3,27,179,109,70,70,2.39,1882,4497.9800000000005,209.8,81.7
2016-07-08,2016,7,Jul,2016-07,4,27,32,94,-62,62,2.39,2234,5339.26,202.6,81.3
2016-07-09,2016,7,Jul,2016-07,5,27,95,69,26,26,2.39,2139,5112.21,199.0,80.1
2016-07-10,2016,7,Jul,2016-07,6,27,78,87,-9,9,2.39,2061,4925.79,192.6,78.1
2016-07-11,2016,7,Jul,2016-07,0,28,122,35,87,87,2.39,1939,4634.21,179.6,72.0
2016-07-12,2016,7,Jul,2016-07,1,28,164,13,151,151,1.89,1967,3717.6299999999997,174.5,67.8
2016-07-13,2016,7,Jul,2016-07,2,28,288,15,273,273,1.89,1670,3156.2999999999997,176.6,66.8
2016-07-14,2016,7,Jul,2016-07,3,28,138,19,119,119,1.89,1532,2895.48,173.3,66.6
2016-07-15,2016,7,Jul,2016-07,4,28,189,77,112,112,1.89,1343,2538.27,167.0,67.5
2016-07-16,2016,7,Jul,2016-07,5,28,321,212,109,109,1.89,1022,1931.58,169.7,70.8
2016-07-17,2016,7,Jul,2016-07,6,28,209,139,70,70,1.89,813,1536.57,168.6,73.7
2016-07-18,2016,7,Jul,2016-07,0,29,161,112,49,49,1.89,1420,2683.7999999999997,159.4,70.3
2016-07-19,2016,7,Jul,2016-07,1,29,157,119,38,38,1.89,1359,2568.5099999999998,153.5,69.1
2016-07-20,2016,7,Jul,2016-07,2,29,283,108,175,175,1.89,1075,2031.75,157.9,70.3
2016-07-21,2016,7,Jul,2016-07,3,29,60,91,-31,31,2.39,1015,2425.85,158.9,73.3
2016-07-22,2016,7,Jul,2016-07,4,29,98,10,88,88,2.39,917,2191.63,160.8,73.6
2016-07-23,2016,7,Jul,2016-07,5,29,133,153,-20,20,2.39,1550,3704.5,163.9,78.7
2016-07-24,2016,7,Jul,2016-07,6,29,130,89,41,41,2.39,1420,3393.8,166.1,81.7
2016-07-25,2016,7,Jul,2016-07,0,30,62,16,46,46,2.39,1358,3245.6200000000003,162.5,79.1
2016-07-26,2016,7,Jul,2016-07,1,30,97,4,93,93,2.39,2893,6914.27,161.3,77.9
2016-07-27,2016,7,Jul,2016-07,2,30,98,0,98,98,2.39,3179,7597.81,160.5,77.9
2016-07-28,2016,7,Jul,2016-07,3,30,108,0,108,108,2.39,3071,7339.6900000000005,161.5,77.9
2016-07-29,2016,7,Jul,2016-07,4,30,128,13,115,115,2.39,4095,9787.050000000001,161.4,78.1
2016-07-30,2016,7,Jul,2016-07,5,30,270,129,141,141,2.39,3825,9141.75,165.7,81.8
2016-07-31,2016,7,Jul,2016-07,6,30,183,68,115,115,2.39,3642,8704.380000000001,163.6,80.9
